{
    "GetLookupsResult": [
        {
            "LookupData": [
                {
                    "Cde": 1,
                    "Desc": "Balance Sheet",
                    "ExtendedValues": [
                        {
                            "Key": "FinancialStatementTypeCde",
                            "Value": "1"
                        },
                        {
                            "Key": "OverrideInstructionDesc",
                            "Value": ""
                        }
                    ]
                },
                {
                    "Cde": 2,
                    "Desc": "Benchmark",
                    "ExtendedValues": [
                        {
                            "Key": "FinancialStatementTypeCde",
                            "Value": "1"
                        },
                        {
                            "Key": "OverrideInstructionDesc",
                            "Value": ""
                        }
                    ]
                },
                {
                    "Cde": 4,
                    "Desc": "Proforma",
                    "ExtendedValues": [
                        {
                            "Key": "FinancialStatementTypeCde",
                            "Value": "1"
                        },
                        {
                            "Key": "OverrideInstructionDesc",
                            "Value": ""
                        }
                    ]
                },
                {
                    "Cde": 5,
                    "Desc": "Earnings",
                    "ExtendedValues": [
                        {
                            "Key": "FinancialStatementTypeCde",
                            "Value": "2"
                        },
                        {
                            "Key": "OverrideInstructionDesc",
                            "Value": ""
                        }
                    ]
                },
                {
                    "Cde": 7,
                    "Desc": "Benchmark",
                    "ExtendedValues": [
                        {
                            "Key": "FinancialStatementTypeCde",
                            "Value": "2"
                        },
                        {
                            "Key": "OverrideInstructionDesc",
                            "Value": ""
                        }
                    ]
                },
                {
                    "Cde": 8,
                    "Desc": "Accountant Prepared Statement",
                    "ExtendedValues": [
                        {
                            "Key": "FinancialStatementTypeCde",
                            "Value": "3"
                        },
                        {
                            "Key": "OverrideInstructionDesc",
                            "Value": ""
                        }
                    ]
                },
                {
                    "Cde": 9,
                    "Desc": "Benchmark",
                    "ExtendedValues": [
                        {
                            "Key": "FinancialStatementTypeCde",
                            "Value": "3"
                        },
                        {
                            "Key": "OverrideInstructionDesc",
                            "Value": ""
                        }
                    ]
                },
                {
                    "Cde": 11,
                    "Desc": "Projection (Advanced)",
                    "ExtendedValues": [
                        {
                            "Key": "FinancialStatementTypeCde",
                            "Value": "2"
                        },
                        {
                            "Key": "OverrideInstructionDesc",
                            "Value": ""
                        }
                    ]
                },
                {
                    "Cde": 12,
                    "Desc": "Consolidation",
                    "ExtendedValues": [
                        {
                            "Key": "FinancialStatementTypeCde",
                            "Value": "1"
                        },
                        {
                            "Key": "OverrideInstructionDesc",
                            "Value": ""
                        }
                    ]
                },
                {
                    "Cde": 13,
                    "Desc": "Consolidation",
                    "ExtendedValues": [
                        {
                            "Key": "FinancialStatementTypeCde",
                            "Value": "2"
                        },
                        {
                            "Key": "OverrideInstructionDesc",
                            "Value": ""
                        }
                    ]
                },
                {
                    "Cde": 14,
                    "Desc": "Post Closing",
                    "ExtendedValues": [
                        {
                            "Key": "FinancialStatementTypeCde",
                            "Value": "1"
                        },
                        {
                            "Key": "OverrideInstructionDesc",
                            "Value": ""
                        }
                    ]
                },
                {
                    "Cde": 15,
                    "Desc": "Proforma (Simple)",
                    "ExtendedValues": [
                        {
                            "Key": "FinancialStatementTypeCde",
                            "Value": "1"
                        },
                        {
                            "Key": "OverrideInstructionDesc",
                            "Value": "Your Proforma Balance Sheet statement will be generated in the Balance Sheet Trend.  You can also choose to Copy from an existing Balance Sheet to start your new statement."
                        }
                    ]
                },
                {
                    "Cde": 16,
                    "Desc": "Proforma (Advanced)",
                    "ExtendedValues": [
                        {
                            "Key": "FinancialStatementTypeCde",
                            "Value": "1"
                        },
                        {
                            "Key": "OverrideInstructionDesc",
                            "Value": "Your Proforma Balance Sheet statement will be generated on the Projected Balance Sheet Summary screen.  You must link an Opening BS to successfully generate the new statement."
                        }
                    ]
                },
                {
                    "Cde": 17,
                    "Desc": "Post-Close (Simple)",
                    "ExtendedValues": [
                        {
                            "Key": "FinancialStatementTypeCde",
                            "Value": "1"
                        },
                        {
                            "Key": "OverrideInstructionDesc",
                            "Value": "Your Post-Close Balance Sheet statement will be generated in the Balance Sheet Trend.  You can also choose to Copy from an existing Balance Sheet to start your new statement."
                        }
                    ]
                },
                {
                    "Cde": 18,
                    "Desc": "Post-Close (Advanced)",
                    "ExtendedValues": [
                        {
                            "Key": "FinancialStatementTypeCde",
                            "Value": "1"
                        },
                        {
                            "Key": "OverrideInstructionDesc",
                            "Value": "Your Post-Close Balance Sheet statement will be generated on the Projected Balance Sheet Summary screen.  You must link an Opening BS to successfully generate the new statement."
                        }
                    ]
                },
                {
                    "Cde": 19,
                    "Desc": "Projection (Simple)",
                    "ExtendedValues": [
                        {
                            "Key": "FinancialStatementTypeCde",
                            "Value": "2"
                        },
                        {
                            "Key": "OverrideInstructionDesc",
                            "Value": "Your Projection statement will be generated in the Earnings Trend.  You can also choose to Copy from an existing Earnings Statement to start your new statement."
                        }
                    ]
                }
            ],
            "Table": {
                "TableCde": 49,
                "TableName": "tlkpFilteredFinancialStatementSubType"
            }
        },
        {
            "LookupData": [
                {
                    "Cde": 23,
                    "Desc": "Forest Products",
                    "ExtendedValues": [
                        {
                            "Key": "FinancialStatementTypeCde",
                            "Value": "2"
                        },
                        {
                            "Key": "MasterFinancialStatementTypeCde",
                            "Value": ""
                        }
                    ]
                },
                {
                    "Cde": 5,
                    "Desc": "Cranberries",
                    "ExtendedValues": [
                        {
                            "Key": "FinancialStatementTypeCde",
                            "Value": "1"
                        },
                        {
                            "Key": "MasterFinancialStatementTypeCde",
                            "Value": ""
                        }
                    ]
                },
                {
                    "Cde": 18,
                    "Desc": "Winery",
                    "ExtendedValues": [
                        {
                            "Key": "FinancialStatementTypeCde",
                            "Value": "2"
                        },
                        {
                            "Key": "MasterFinancialStatementTypeCde",
                            "Value": ""
                        }
                    ]
                },
                {
                    "Cde": 3,
                    "Desc": "General",
                    "ExtendedValues": [
                        {
                            "Key": "FinancialStatementTypeCde",
                            "Value": "1"
                        },
                        {
                            "Key": "MasterFinancialStatementTypeCde",
                            "Value": ""
                        }
                    ]
                },
                {
                    "Cde": 15,
                    "Desc": "Equine",
                    "ExtendedValues": [
                        {
                            "Key": "FinancialStatementTypeCde",
                            "Value": "1"
                        },
                        {
                            "Key": "MasterFinancialStatementTypeCde",
                            "Value": ""
                        }
                    ]
                },
                {
                    "Cde": 14,
                    "Desc": "Cash Field",
                    "ExtendedValues": [
                        {
                            "Key": "FinancialStatementTypeCde",
                            "Value": "1"
                        },
                        {
                            "Key": "MasterFinancialStatementTypeCde",
                            "Value": ""
                        }
                    ]
                },
                {
                    "Cde": 10,
                    "Desc": "Cranberries",
                    "ExtendedValues": [
                        {
                            "Key": "FinancialStatementTypeCde",
                            "Value": "2"
                        },
                        {
                            "Key": "MasterFinancialStatementTypeCde",
                            "Value": ""
                        }
                    ]
                },
                {
                    "Cde": 12,
                    "Desc": "Ag Retail",
                    "ExtendedValues": [
                        {
                            "Key": "FinancialStatementTypeCde",
                            "Value": "1"
                        },
                        {
                            "Key": "MasterFinancialStatementTypeCde",
                            "Value": ""
                        }
                    ]
                },
                {
                    "Cde": 8,
                    "Desc": "Dairy Livestock",
                    "ExtendedValues": [
                        {
                            "Key": "FinancialStatementTypeCde",
                            "Value": "2"
                        },
                        {
                            "Key": "MasterFinancialStatementTypeCde",
                            "Value": "4"
                        }
                    ]
                },
                {
                    "Cde": 20,
                    "Desc": "Equine",
                    "ExtendedValues": [
                        {
                            "Key": "FinancialStatementTypeCde",
                            "Value": "2"
                        },
                        {
                            "Key": "MasterFinancialStatementTypeCde",
                            "Value": ""
                        }
                    ]
                },
                {
                    "Cde": 11,
                    "Desc": "Greenhouse",
                    "ExtendedValues": [
                        {
                            "Key": "FinancialStatementTypeCde",
                            "Value": "1"
                        },
                        {
                            "Key": "MasterFinancialStatementTypeCde",
                            "Value": ""
                        }
                    ]
                },
                {
                    "Cde": 19,
                    "Desc": "Cash Field",
                    "ExtendedValues": [
                        {
                            "Key": "FinancialStatementTypeCde",
                            "Value": "2"
                        },
                        {
                            "Key": "MasterFinancialStatementTypeCde",
                            "Value": ""
                        }
                    ]
                },
                {
                    "Cde": 21,
                    "Desc": "Forest Products",
                    "ExtendedValues": [
                        {
                            "Key": "FinancialStatementTypeCde",
                            "Value": "1"
                        },
                        {
                            "Key": "MasterFinancialStatementTypeCde",
                            "Value": ""
                        }
                    ]
                },
                {
                    "Cde": 4,
                    "Desc": "Dairy Livestock",
                    "ExtendedValues": [
                        {
                            "Key": "FinancialStatementTypeCde",
                            "Value": "1"
                        },
                        {
                            "Key": "MasterFinancialStatementTypeCde",
                            "Value": ""
                        }
                    ]
                },
                {
                    "Cde": 17,
                    "Desc": "Ag Retail",
                    "ExtendedValues": [
                        {
                            "Key": "FinancialStatementTypeCde",
                            "Value": "2"
                        },
                        {
                            "Key": "MasterFinancialStatementTypeCde",
                            "Value": ""
                        }
                    ]
                },
                {
                    "Cde": 13,
                    "Desc": "Winery",
                    "ExtendedValues": [
                        {
                            "Key": "FinancialStatementTypeCde",
                            "Value": "1"
                        },
                        {
                            "Key": "MasterFinancialStatementTypeCde",
                            "Value": ""
                        }
                    ]
                },
                {
                    "Cde": 9,
                    "Desc": "Aquatic",
                    "ExtendedValues": [
                        {
                            "Key": "FinancialStatementTypeCde",
                            "Value": "2"
                        },
                        {
                            "Key": "MasterFinancialStatementTypeCde",
                            "Value": ""
                        }
                    ]
                },
                {
                    "Cde": 7,
                    "Desc": "General",
                    "ExtendedValues": [
                        {
                            "Key": "FinancialStatementTypeCde",
                            "Value": "2"
                        },
                        {
                            "Key": "MasterFinancialStatementTypeCde",
                            "Value": ""
                        }
                    ]
                },
                {
                    "Cde": 6,
                    "Desc": "Aquatic",
                    "ExtendedValues": [
                        {
                            "Key": "FinancialStatementTypeCde",
                            "Value": "1"
                        },
                        {
                            "Key": "MasterFinancialStatementTypeCde",
                            "Value": ""
                        }
                    ]
                },
                {
                    "Cde": 16,
                    "Desc": "Greenhouse",
                    "ExtendedValues": [
                        {
                            "Key": "FinancialStatementTypeCde",
                            "Value": "2"
                        },
                        {
                            "Key": "MasterFinancialStatementTypeCde",
                            "Value": ""
                        }
                    ]
                },
                {
                    "Cde": 2,
                    "Desc": "Master",
                    "ExtendedValues": [
                        {
                            "Key": "FinancialStatementTypeCde",
                            "Value": "2"
                        },
                        {
                            "Key": "MasterFinancialStatementTypeCde",
                            "Value": "2"
                        }
                    ]
                },
                {
                    "Cde": 1,
                    "Desc": "Master",
                    "ExtendedValues": [
                        {
                            "Key": "FinancialStatementTypeCde",
                            "Value": "1"
                        },
                        {
                            "Key": "MasterFinancialStatementTypeCde",
                            "Value": "1"
                        }
                    ]
                }
            ],
            "Table": {
                "TableCde": 21,
                "TableName": "tlkpFinancialStatementTemplate"
            }
        },
        {
            "LookupData": [
                {
                    "Cde": 4,
                    "Desc": "Audit",
                    "ExtendedValues": []
                },
                {
                    "Cde": 2,
                    "Desc": "Compilation",
                    "ExtendedValues": []
                },
                {
                    "Cde": 1,
                    "Desc": "Manual",
                    "ExtendedValues": []
                },
                {
                    "Cde": 3,
                    "Desc": "Review",
                    "ExtendedValues": []
                }
            ],
            "Table": {
                "TableCde": 28,
                "TableName": "tlkpFinancialDataSourceType"
            }
        },
        {
            "LookupData": [
                {
                    "Cde": 1,
                    "Desc": "Cost",
                    "ExtendedValues": []
                },
                {
                    "Cde": 2,
                    "Desc": "Market",
                    "ExtendedValues": []
                }
            ],
            "Table": {
                "TableCde": 30,
                "TableName": "tslkpCostOrMarketType"
            }
        }
    ],
    "Errors": null
}