{
    "consolidationGroups": [
        {
            "groupID" : "1",
            "groupType" : "Consolidation",
            "groupName" :"Loan Group - 1",
            "consolidations" : "19",
            "comments" : "Add",
            "members" : ""
        },
        {
            "groupID" : "2",
            "groupType" : "Consolidation",
            "groupName" : "Loan Group - 2",
            "consolidations" : "21",
            "comments" : "Add",
            "members" : ""
        },
        {
            "groupID" : "3",
            "groupType" : "Consolidation",
            "groupName" : "Loan Group - 3",
            "consolidations" : "9",
            "comments" : "",
            "members" : ""
        }
    
    ]
}