[
  {
    "Customer": {
      "Address": {
        "AddressLine1": "547 Trlqg Gmnb Ttbt",
        "CityName": "Tkjcl Jmrcg",
        "CountyCde": 1884,
        "CustomerBID": 285578,
        "StateCde": 36,
        "ZipCodeNum": "52329"
      },
      "BranchID": 11,
      "CustomerBID": 285578,
      "CustomerEID": "02747ed9b0-e9b5-4194-ac7f-82e6b6ed160e",
      "CustomerName": "Purdy Group 19",
      "CustomerTypeCde": 2,
      "DisplayName": "Purdy Group 19",
      "Phone": {
        "CustomerBID": 285578,
        "PhoneNumber": "4312121833"
      },
      "Settings": [
        {
          "CustomerBID": 285578,
          "SettingBID": 24626,
          "SettingCde": 3,
          "SettingXML": "<ESTrend><customerBID Value=\"285578\"><financialBid Value=\"6236287\" IsChecked=\"true\" /></customerBID></ESTrend>"
        },
        {
          "CustomerBID": 285578,
          "SettingBID": 24628,
          "SettingCde": 2,
          "SettingXML": "<BSTrend><customerBID Value=\"285578\"><financialBid Value=\"6149669\" IsChecked=\"true\" /><financialBid Value=\"6134860\" IsChecked=\"true\" /><financialBid Value=\"6134968\" IsChecked=\"true\" /><financialBid Value=\"6095128\" IsChecked=\"true\" /><financialBid Value=\"6133954\" IsChecked=\"true\" /><financialBid Value=\"6044034\" IsChecked=\"true\" /></customerBID></BSTrend>"
        }
      ],
      "SpouseRelation": {
        "CustomerBID": 285578,
        "CustomerEID": "02747ed9b0-e9b5-4194-ac7f-82e6b6ed160e",
        "DisplayName": null,
        "SpouseBID": null,
        "SpouseEID": null,
        "SpouseName": null
      }
    },
    "Statements": [
      {
        "Header": {
          "AvailableBalanceSheetHeaders": [],
          "AvailableBenchmarks": [],
          "AvailableEarningsHeaders": [],
          "CollateralStatementInd": false,
          "CombinedStatementWithSpouseInd": true,
          "CostOrMarketTypeCde": 2,
          "Customer": {
            "Address": {
              "AddressLine1": "547 Trlqg Gmnb Ttbt",
              "CityName": "Tkjcl Jmrcg",
              "CountyCde": 1884,
              "CustomerBID": 285578,
              "StateCde": 36,
              "ZipCodeNum": "52329"
            },
            "BranchID": 11,
            "CustomerBID": 285578,
            "CustomerEID": "02747ed9b0-e9b5-4194-ac7f-82e6b6ed160e",
            "CustomerName": "Purdy Group 19",
            "CustomerTypeCde": 2,
            "DisplayName": "Purdy Group 19",
            "Phone": {
              "CustomerBID": 285578,
              "PhoneNumber": "4312121833"
            },
            "Settings": [
              {
                "CustomerBID": 285578,
                "SettingBID": 24626,
                "SettingCde": 3,
                "SettingXML": "<ESTrend><customerBID Value=\"285578\"><financialBid Value=\"6236287\" IsChecked=\"true\" /></customerBID></ESTrend>"
              },
              {
                "CustomerBID": 285578,
                "SettingBID": 24628,
                "SettingCde": 2,
                "SettingXML": "<BSTrend><customerBID Value=\"285578\"><financialBid Value=\"6149669\" IsChecked=\"true\" /><financialBid Value=\"6134860\" IsChecked=\"true\" /><financialBid Value=\"6134968\" IsChecked=\"true\" /><financialBid Value=\"6095128\" IsChecked=\"true\" /><financialBid Value=\"6133954\" IsChecked=\"true\" /><financialBid Value=\"6044034\" IsChecked=\"true\" /></customerBID></BSTrend>"
              }
            ],
            "SpouseRelation": {
              "CustomerBID": 285578,
              "CustomerEID": "02747ed9b0-e9b5-4194-ac7f-82e6b6ed160e",
              "DisplayName": null,
              "SpouseBID": null,
              "SpouseEID": null,
              "SpouseName": null
            }
          },
          "CustomerBID": 285578,
          "FinancialDataSourceTypeCde": 1,
          "FinancialStatementBID": 6149669,
          "FinancialStatementDesc": "Proj Post Close",
          "FinancialStatementEndDte": "2020-12-31T00:00:00",
          "FinancialStatementJoins": [],
          "FinancialStatementStartDte": "2020-12-31T00:00:00",
          "FinancialStatementSubTypeCde": 1,
          "FinancialStatementTemplateCde": 15,
          "GroupBID": 62302,
          "LinkedBalanceSheetHeaders": [],
          "LinkedEarningsHeaders": []
        },
        "IsSelected": false,
        "StatementDeleteCommand": null
      },
      {
        "Header": {
          "AvailableBalanceSheetHeaders": [],
          "AvailableBenchmarks": [],
          "AvailableEarningsHeaders": [],
          "CollateralStatementInd": false,
          "CombinedStatementWithSpouseInd": true,
          "CostOrMarketTypeCde": 2,
          "Customer": {
            "Address": {
              "AddressLine1": "547 Trlqg Gmnb Ttbt",
              "CityName": "Tkjcl Jmrcg",
              "CountyCde": 1884,
              "CustomerBID": 285578,
              "StateCde": 36,
              "ZipCodeNum": "52329"
            },
            "BranchID": 11,
            "CustomerBID": 285578,
            "CustomerEID": "02747ed9b0-e9b5-4194-ac7f-82e6b6ed160e",
            "CustomerName": "Purdy Group 19",
            "CustomerTypeCde": 2,
            "DisplayName": "Purdy Group 19",
            "Phone": {
              "CustomerBID": 285578,
              "PhoneNumber": "4312121833"
            },
            "Settings": [
              {
                "CustomerBID": 285578,
                "SettingBID": 24626,
                "SettingCde": 3,
                "SettingXML": "<ESTrend><customerBID Value=\"285578\"><financialBid Value=\"6236287\" IsChecked=\"true\" /></customerBID></ESTrend>"
              },
              {
                "CustomerBID": 285578,
                "SettingBID": 24628,
                "SettingCde": 2,
                "SettingXML": "<BSTrend><customerBID Value=\"285578\"><financialBid Value=\"6149669\" IsChecked=\"true\" /><financialBid Value=\"6134860\" IsChecked=\"true\" /><financialBid Value=\"6134968\" IsChecked=\"true\" /><financialBid Value=\"6095128\" IsChecked=\"true\" /><financialBid Value=\"6133954\" IsChecked=\"true\" /><financialBid Value=\"6044034\" IsChecked=\"true\" /></customerBID></BSTrend>"
              }
            ],
            "SpouseRelation": {
              "CustomerBID": 285578,
              "CustomerEID": "02747ed9b0-e9b5-4194-ac7f-82e6b6ed160e",
              "DisplayName": null,
              "SpouseBID": null,
              "SpouseEID": null,
              "SpouseName": null
            }
          },
          "CustomerBID": 285578,
          "FinancialDataSourceTypeCde": 1,
          "FinancialStatementBID": 6134860,
          "FinancialStatementDesc": "8/2020 BS",
          "FinancialStatementEndDte": "2020-08-31T00:00:00",
          "FinancialStatementJoins": [],
          "FinancialStatementStartDte": "2020-08-31T00:00:00",
          "FinancialStatementSubTypeCde": 1,
          "FinancialStatementTemplateCde": 15,
          "GroupBID": 62302,
          "LinkedBalanceSheetHeaders": [],
          "LinkedEarningsHeaders": [],
          "PercentAmountPct": 0,
          "StatementOrderNum": 0
        },
        "IsSelected": false,
        "StatementDeleteCommand": null
      },
      {
        "Header": {
          "AvailableBalanceSheetHeaders": [],
          "AvailableBenchmarks": [],
          "AvailableEarningsHeaders": [],
          "CollateralStatementInd": false,
          "CombinedStatementWithSpouseInd": true,
          "CostOrMarketTypeCde": 2,
          "Customer": {
            "Address": {
              "AddressLine1": "547 Trlqg Gmnb Ttbt",
              "CityName": "Tkjcl Jmrcg",
              "CountyCde": 1884,
              "CustomerBID": 285578,
              "StateCde": 36,
              "ZipCodeNum": "52329"
            },
            "BranchID": 11,
            "CustomerBID": 285578,
            "CustomerEID": "02747ed9b0-e9b5-4194-ac7f-82e6b6ed160e",
            "CustomerName": "Purdy Group 19",
            "CustomerTypeCde": 2,
            "DisplayName": "Purdy Group 19",
            "Phone": {
              "CustomerBID": 285578,
              "PhoneNumber": "4312121833"
            },
            "Settings": [
              {
                "CustomerBID": 285578,
                "SettingBID": 24626,
                "SettingCde": 3,
                "SettingXML": "<ESTrend><customerBID Value=\"285578\"><financialBid Value=\"6236287\" IsChecked=\"true\" /></customerBID></ESTrend>"
              },
              {
                "CustomerBID": 285578,
                "SettingBID": 24628,
                "SettingCde": 2,
                "SettingXML": "<BSTrend><customerBID Value=\"285578\"><financialBid Value=\"6149669\" IsChecked=\"true\" /><financialBid Value=\"6134860\" IsChecked=\"true\" /><financialBid Value=\"6134968\" IsChecked=\"true\" /><financialBid Value=\"6095128\" IsChecked=\"true\" /><financialBid Value=\"6133954\" IsChecked=\"true\" /><financialBid Value=\"6044034\" IsChecked=\"true\" /></customerBID></BSTrend>"
              }
            ],
            "SpouseRelation": {
              "CustomerBID": 285578,
              "CustomerEID": "02747ed9b0-e9b5-4194-ac7f-82e6b6ed160e",
              "DisplayName": null,
              "SpouseBID": null,
              "SpouseEID": null,
              "SpouseName": null
            }
          },
          "CustomerBID": 285578,
          "FinancialDataSourceTypeCde": 1,
          "FinancialStatementBID": 6095128,
          "FinancialStatementDesc": "2/19/20 consulting",
          "FinancialStatementEndDte": "2020-02-19T00:00:00",
          "FinancialStatementJoins": [],
          "FinancialStatementStartDte": "2020-02-19T00:00:00",
          "FinancialStatementSubTypeCde": 1,
          "FinancialStatementTemplateCde": 15,
          "GroupBID": 62302,
          "LinkedBalanceSheetHeaders": [],
          "LinkedEarningsHeaders": []
        },
        "IsSelected": false,
        "StatementDeleteCommand": null
      },
      {
        "Header": {
          "AvailableBalanceSheetHeaders": [],
          "AvailableBenchmarks": [],
          "AvailableEarningsHeaders": [],
          "CollateralStatementInd": false,
          "CombinedStatementWithSpouseInd": false,
          "CostOrMarketTypeCde": 1,
          "Customer": {
            "Address": {
              "AddressLine1": "547 Trlqg Gmnb Ttbt",
              "CityName": "Tkjcl Jmrcg",
              "CountyCde": 1884,
              "CustomerBID": 285578,
              "StateCde": 36,
              "ZipCodeNum": "52329"
            },
            "BranchID": 11,
            "CustomerBID": 285578,
            "CustomerEID": "02747ed9b0-e9b5-4194-ac7f-82e6b6ed160e",
            "CustomerName": "Purdy Group 19",
            "CustomerTypeCde": 2,
            "DisplayName": "Purdy Group 19",
            "Phone": {
              "CustomerBID": 285578,
              "PhoneNumber": "4312121833"
            },
            "Settings": [
              {
                "CustomerBID": 285578,
                "SettingBID": 24626,
                "SettingCde": 3,
                "SettingXML": "<ESTrend><customerBID Value=\"285578\"><financialBid Value=\"6236287\" IsChecked=\"true\" /></customerBID></ESTrend>"
              },
              {
                "CustomerBID": 285578,
                "SettingBID": 24628,
                "SettingCde": 2,
                "SettingXML": "<BSTrend><customerBID Value=\"285578\"><financialBid Value=\"6149669\" IsChecked=\"true\" /><financialBid Value=\"6134860\" IsChecked=\"true\" /><financialBid Value=\"6134968\" IsChecked=\"true\" /><financialBid Value=\"6095128\" IsChecked=\"true\" /><financialBid Value=\"6133954\" IsChecked=\"true\" /><financialBid Value=\"6044034\" IsChecked=\"true\" /></customerBID></BSTrend>"
              }
            ],
            "SpouseRelation": {
              "CustomerBID": 285578,
              "CustomerEID": "02747ed9b0-e9b5-4194-ac7f-82e6b6ed160e",
              "DisplayName": null,
              "SpouseBID": null,
              "SpouseEID": null,
              "SpouseName": null
            }
          },
          "CustomerBID": 285578,
          "FinancialDataSourceTypeCde": 1,
          "FinancialStatementBID": 6133954,
          "FinancialStatementDesc": "2019 YE BS",
          "FinancialStatementEndDte": "2019-12-31T00:00:00",
          "FinancialStatementJoins": [],
          "FinancialStatementStartDte": "2019-12-31T00:00:00",
          "FinancialStatementSubTypeCde": 1,
          "FinancialStatementTemplateCde": 15,
          "GroupBID": 62302,
          "LinkedBalanceSheetHeaders": [],
          "LinkedEarningsHeaders": []
        },
        "IsSelected": false,
        "StatementDeleteCommand": null
      },
      {
        "Header": {
          "AvailableBalanceSheetHeaders": [],
          "AvailableBenchmarks": [],
          "AvailableEarningsHeaders": [],
          "CollateralStatementInd": false,
          "CombinedStatementWithSpouseInd": true,
          "CostOrMarketTypeCde": 2,
          "Customer": {
            "Address": {
              "AddressLine1": "547 Trlqg Gmnb Ttbt",
              "CityName": "Tkjcl Jmrcg",
              "CountyCde": 1884,
              "CustomerBID": 285578,
              "StateCde": 36,
              "ZipCodeNum": "52329"
            },
            "BranchID": 11,
            "CustomerBID": 285578,
            "CustomerEID": "02747ed9b0-e9b5-4194-ac7f-82e6b6ed160e",
            "CustomerName": "Purdy Group 19",
            "CustomerTypeCde": 2,
            "DisplayName": "Purdy Group 19",
            "Phone": {
              "CustomerBID": 285578,
              "PhoneNumber": "4312121833"
            },
            "Settings": [
              {
                "CustomerBID": 285578,
                "SettingBID": 24626,
                "SettingCde": 3,
                "SettingXML": "<ESTrend><customerBID Value=\"285578\"><financialBid Value=\"6236287\" IsChecked=\"true\" /></customerBID></ESTrend>"
              },
              {
                "CustomerBID": 285578,
                "SettingBID": 24628,
                "SettingCde": 2,
                "SettingXML": "<BSTrend><customerBID Value=\"285578\"><financialBid Value=\"6149669\" IsChecked=\"true\" /><financialBid Value=\"6134860\" IsChecked=\"true\" /><financialBid Value=\"6134968\" IsChecked=\"true\" /><financialBid Value=\"6095128\" IsChecked=\"true\" /><financialBid Value=\"6133954\" IsChecked=\"true\" /><financialBid Value=\"6044034\" IsChecked=\"true\" /></customerBID></BSTrend>"
              }
            ],
            "SpouseRelation": {
              "CustomerBID": 285578,
              "CustomerEID": "02747ed9b0-e9b5-4194-ac7f-82e6b6ed160e",
              "DisplayName": null,
              "SpouseBID": null,
              "SpouseEID": null,
              "SpouseName": null
            }
          },
          "CustomerBID": 285578,
          "FinancialDataSourceTypeCde": 1,
          "FinancialStatementBID": 6044034,
          "FinancialStatementDesc": "8/19 BS",
          "FinancialStatementEndDte": "2019-09-30T00:00:00",
          "FinancialStatementJoins": [],
          "FinancialStatementStartDte": "2019-09-30T00:00:00",
          "FinancialStatementSubTypeCde": 1,
          "FinancialStatementTemplateCde": 15,
          "GroupBID": 62302,
          "LinkedBalanceSheetHeaders": [],
          "LinkedEarningsHeaders": []
        },
        "IsSelected": false,
        "StatementDeleteCommand": null
      },
      {
        "Header": {
          "AvailableBalanceSheetHeaders": [],
          "AvailableBenchmarks": [],
          "AvailableEarningsHeaders": [],
          "CollateralStatementInd": false,
          "CombinedStatementWithSpouseInd": false,
          "CostOrMarketTypeCde": 1,
          "Customer": {
            "Address": {
              "AddressLine1": "547 Trlqg Gmnb Ttbt",
              "CityName": "Tkjcl Jmrcg",
              "CountyCde": 1884,
              "CustomerBID": 285578,
              "StateCde": 36,
              "ZipCodeNum": "52329"
            },
            "BranchID": 11,
            "CustomerBID": 285578,
            "CustomerEID": "02747ed9b0-e9b5-4194-ac7f-82e6b6ed160e",
            "CustomerName": "Purdy Group 19",
            "CustomerTypeCde": 2,
            "DisplayName": "Purdy Group 19",
            "Phone": {
              "CustomerBID": 285578,
              "PhoneNumber": "4312121833"
            },
            "Settings": [
              {
                "CustomerBID": 285578,
                "SettingBID": 24626,
                "SettingCde": 3,
                "SettingXML": "<ESTrend><customerBID Value=\"285578\"><financialBid Value=\"6236287\" IsChecked=\"true\" /></customerBID></ESTrend>"
              },
              {
                "CustomerBID": 285578,
                "SettingBID": 24628,
                "SettingCde": 2,
                "SettingXML": "<BSTrend><customerBID Value=\"285578\"><financialBid Value=\"6149669\" IsChecked=\"true\" /><financialBid Value=\"6134860\" IsChecked=\"true\" /><financialBid Value=\"6134968\" IsChecked=\"true\" /><financialBid Value=\"6095128\" IsChecked=\"true\" /><financialBid Value=\"6133954\" IsChecked=\"true\" /><financialBid Value=\"6044034\" IsChecked=\"true\" /></customerBID></BSTrend>"
              }
            ],
            "SpouseRelation": {
              "CustomerBID": 285578,
              "CustomerEID": "02747ed9b0-e9b5-4194-ac7f-82e6b6ed160e",
              "DisplayName": null,
              "SpouseBID": null,
              "SpouseEID": null,
              "SpouseName": null
            }
          },
          "CustomerBID": 285578,
          "FinancialDataSourceTypeCde": 1,
          "FinancialStatementBID": 6044024,
          "FinancialStatementDesc": "2018 YE BS",
          "FinancialStatementEndDte": "2018-12-31T00:00:00",
          "FinancialStatementJoins": [],
          "FinancialStatementStartDte": "2018-12-31T00:00:00",
          "FinancialStatementSubTypeCde": 1,
          "FinancialStatementTemplateCde": 15,
          "GroupBID": 62302,
          "LinkedBalanceSheetHeaders": [],
          "LinkedEarningsHeaders": []
        },
        "IsSelected": false,
        "StatementDeleteCommand": null
      },
      {
        "Header": {
          "AvailableBalanceSheetHeaders": [],
          "AvailableBenchmarks": [],
          "AvailableEarningsHeaders": [],
          "CollateralStatementInd": false,
          "CombinedStatementWithSpouseInd": true,
          "CostOrMarketTypeCde": 2,
          "Customer": {
            "Address": {
              "AddressLine1": "547 Trlqg Gmnb Ttbt",
              "CityName": "Tkjcl Jmrcg",
              "CountyCde": 1884,
              "CustomerBID": 285578,
              "StateCde": 36,
              "ZipCodeNum": "52329"
            },
            "BranchID": 11,
            "CustomerBID": 285578,
            "CustomerEID": "02747ed9b0-e9b5-4194-ac7f-82e6b6ed160e",
            "CustomerName": "Purdy Group 19",
            "CustomerTypeCde": 2,
            "DisplayName": "Purdy Group 19",
            "Phone": {
              "CustomerBID": 285578,
              "PhoneNumber": "4312121833"
            },
            "Settings": [
              {
                "CustomerBID": 285578,
                "SettingBID": 24626,
                "SettingCde": 3,
                "SettingXML": "<ESTrend><customerBID Value=\"285578\"><financialBid Value=\"6236287\" IsChecked=\"true\" /></customerBID></ESTrend>"
              },
              {
                "CustomerBID": 285578,
                "SettingBID": 24628,
                "SettingCde": 2,
                "SettingXML": "<BSTrend><customerBID Value=\"285578\"><financialBid Value=\"6149669\" IsChecked=\"true\" /><financialBid Value=\"6134860\" IsChecked=\"true\" /><financialBid Value=\"6134968\" IsChecked=\"true\" /><financialBid Value=\"6095128\" IsChecked=\"true\" /><financialBid Value=\"6133954\" IsChecked=\"true\" /><financialBid Value=\"6044034\" IsChecked=\"true\" /></customerBID></BSTrend>"
              }
            ],
            "SpouseRelation": {
              "CustomerBID": 285578,
              "CustomerEID": "02747ed9b0-e9b5-4194-ac7f-82e6b6ed160e",
              "DisplayName": null,
              "SpouseBID": null,
              "SpouseEID": null,
              "SpouseName": null
            }
          },
          "CustomerBID": 285578,
          "FinancialDataSourceTypeCde": 1,
          "FinancialStatementBID": 5949075,
          "FinancialStatementDesc": "10/18 BS",
          "FinancialStatementEndDte": "2018-09-30T00:00:00",
          "FinancialStatementJoins": [],
          "FinancialStatementStartDte": "2018-09-30T00:00:00",
          "FinancialStatementSubTypeCde": 1,
          "FinancialStatementTemplateCde": 15,
          "GroupBID": 62302,
          "LinkedBalanceSheetHeaders": [],
          "LinkedEarningsHeaders": []
        },
        "IsSelected": false,
        "StatementDeleteCommand": null
      },
      {
        "Header": {
          "AvailableBalanceSheetHeaders": [],
          "AvailableBenchmarks": [],
          "AvailableEarningsHeaders": [],
          "CollateralStatementInd": false,
          "CombinedStatementWithSpouseInd": false,
          "CostOrMarketTypeCde": 1,
          "Customer": {
            "Address": {
              "AddressLine1": "547 Trlqg Gmnb Ttbt",
              "CityName": "Tkjcl Jmrcg",
              "CountyCde": 1884,
              "CustomerBID": 285578,
              "StateCde": 36,
              "ZipCodeNum": "52329"
            },
            "BranchID": 11,
            "CustomerBID": 285578,
            "CustomerEID": "02747ed9b0-e9b5-4194-ac7f-82e6b6ed160e",
            "CustomerName": "Purdy Group 19",
            "CustomerTypeCde": 2,
            "DisplayName": "Purdy Group 19",
            "Phone": {
              "CustomerBID": 285578,
              "PhoneNumber": "4312121833"
            },
            "Settings": [
              {
                "CustomerBID": 285578,
                "SettingBID": 24626,
                "SettingCde": 3,
                "SettingXML": "<ESTrend><customerBID Value=\"285578\"><financialBid Value=\"6236287\" IsChecked=\"true\" /></customerBID></ESTrend>"
              },
              {
                "CustomerBID": 285578,
                "SettingBID": 24628,
                "SettingCde": 2,
                "SettingXML": "<BSTrend><customerBID Value=\"285578\"><financialBid Value=\"6149669\" IsChecked=\"true\" /><financialBid Value=\"6134860\" IsChecked=\"true\" /><financialBid Value=\"6134968\" IsChecked=\"true\" /><financialBid Value=\"6095128\" IsChecked=\"true\" /><financialBid Value=\"6133954\" IsChecked=\"true\" /><financialBid Value=\"6044034\" IsChecked=\"true\" /></customerBID></BSTrend>"
              }
            ],
            "SpouseRelation": {
              "CustomerBID": 285578,
              "CustomerEID": "02747ed9b0-e9b5-4194-ac7f-82e6b6ed160e",
              "DisplayName": null,
              "SpouseBID": null,
              "SpouseEID": null,
              "SpouseName": null
            }
          },
          "CustomerBID": 285578,
          "FinancialDataSourceTypeCde": 1,
          "FinancialStatementBID": 5949548,
          "FinancialStatementDesc": "2017 YE BS",
          "FinancialStatementEndDte": "2017-12-31T00:00:00",
          "FinancialStatementJoins": [],
          "FinancialStatementStartDte": "2017-12-31T00:00:00",
          "FinancialStatementSubTypeCde": 1,
          "FinancialStatementTemplateCde": 15,
          "GroupBID": 62302,
          "LinkedBalanceSheetHeaders": [],
          "LinkedEarningsHeaders": []
        },
        "IsSelected": false,
        "StatementDeleteCommand": null
      },
      {
        "Header": {
          "AvailableBalanceSheetHeaders": [],
          "AvailableBenchmarks": [],
          "AvailableEarningsHeaders": [],
          "CollateralStatementInd": false,
          "CombinedStatementWithSpouseInd": true,
          "CostOrMarketTypeCde": 2,
          "Customer": {
            "Address": {
              "AddressLine1": "547 Trlqg Gmnb Ttbt",
              "CityName": "Tkjcl Jmrcg",
              "CountyCde": 1884,
              "CustomerBID": 285578,
              "StateCde": 36,
              "ZipCodeNum": "52329"
            },
            "BranchID": 11,
            "CustomerBID": 285578,
            "CustomerEID": "02747ed9b0-e9b5-4194-ac7f-82e6b6ed160e",
            "CustomerName": "Purdy Group 19",
            "CustomerTypeCde": 2,
            "DisplayName": "Purdy Group 19",
            "Phone": {
              "CustomerBID": 285578,
              "PhoneNumber": "4312121833"
            },
            "Settings": [
              {
                "CustomerBID": 285578,
                "SettingBID": 24626,
                "SettingCde": 3,
                "SettingXML": "<ESTrend><customerBID Value=\"285578\"><financialBid Value=\"6236287\" IsChecked=\"true\" /></customerBID></ESTrend>"
              },
              {
                "CustomerBID": 285578,
                "SettingBID": 24628,
                "SettingCde": 2,
                "SettingXML": "<BSTrend><customerBID Value=\"285578\"><financialBid Value=\"6149669\" IsChecked=\"true\" /><financialBid Value=\"6134860\" IsChecked=\"true\" /><financialBid Value=\"6134968\" IsChecked=\"true\" /><financialBid Value=\"6095128\" IsChecked=\"true\" /><financialBid Value=\"6133954\" IsChecked=\"true\" /><financialBid Value=\"6044034\" IsChecked=\"true\" /></customerBID></BSTrend>"
              }
            ],
            "SpouseRelation": {
              "CustomerBID": 285578,
              "CustomerEID": "02747ed9b0-e9b5-4194-ac7f-82e6b6ed160e",
              "DisplayName": null,
              "SpouseBID": null,
              "SpouseEID": null,
              "SpouseName": null
            }
          },
          "CustomerBID": 285578,
          "FinancialDataSourceTypeCde": 1,
          "FinancialStatementBID": 5853055,
          "FinancialStatementDesc": "10/17 BS",
          "FinancialStatementEndDte": "2017-10-23T00:00:00",
          "FinancialStatementJoins": [],
          "FinancialStatementStartDte": "2017-10-23T00:00:00",
          "FinancialStatementSubTypeCde": 1,
          "FinancialStatementTemplateCde": 15,
          "GroupBID": 62302,
          "LinkedBalanceSheetHeaders": [],
          "LinkedEarningsHeaders": []
        },
        "IsSelected": false,
        "StatementDeleteCommand": null
      },
      {
        "Header": {
          "AvailableBalanceSheetHeaders": [],
          "AvailableBenchmarks": [],
          "AvailableEarningsHeaders": [],
          "CollateralStatementInd": false,
          "CombinedStatementWithSpouseInd": false,
          "CostOrMarketTypeCde": 1,
          "Customer": {
            "Address": {
              "AddressLine1": "547 Trlqg Gmnb Ttbt",
              "CityName": "Tkjcl Jmrcg",
              "CountyCde": 1884,
              "CustomerBID": 285578,
              "StateCde": 36,
              "ZipCodeNum": "52329"
            },
            "BranchID": 11,
            "CustomerBID": 285578,
            "CustomerEID": "02747ed9b0-e9b5-4194-ac7f-82e6b6ed160e",
            "CustomerName": "Purdy Group 19",
            "CustomerTypeCde": 2,
            "DisplayName": "Purdy Group 19",
            "Phone": {
              "CustomerBID": 285578,
              "PhoneNumber": "4312121833"
            },
            "Settings": [
              {
                "CustomerBID": 285578,
                "SettingBID": 24626,
                "SettingCde": 3,
                "SettingXML": "<ESTrend><customerBID Value=\"285578\"><financialBid Value=\"6236287\" IsChecked=\"true\" /></customerBID></ESTrend>"
              },
              {
                "CustomerBID": 285578,
                "SettingBID": 24628,
                "SettingCde": 2,
                "SettingXML": "<BSTrend><customerBID Value=\"285578\"><financialBid Value=\"6149669\" IsChecked=\"true\" /><financialBid Value=\"6134860\" IsChecked=\"true\" /><financialBid Value=\"6134968\" IsChecked=\"true\" /><financialBid Value=\"6095128\" IsChecked=\"true\" /><financialBid Value=\"6133954\" IsChecked=\"true\" /><financialBid Value=\"6044034\" IsChecked=\"true\" /></customerBID></BSTrend>"
              }
            ],
            "SpouseRelation": {
              "CustomerBID": 285578,
              "CustomerEID": "02747ed9b0-e9b5-4194-ac7f-82e6b6ed160e",
              "DisplayName": null,
              "SpouseBID": null,
              "SpouseEID": null,
              "SpouseName": null
            }
          },
          "CustomerBID": 285578,
          "FinancialDataSourceTypeCde": 1,
          "FinancialStatementBID": 5853101,
          "FinancialStatementDesc": "2016 YE BS",
          "FinancialStatementEndDte": "2016-12-31T00:00:00",
          "FinancialStatementJoins": [],
          "FinancialStatementStartDte": "2016-12-31T00:00:00",
          "FinancialStatementSubTypeCde": 1,
          "FinancialStatementTemplateCde": 15,
          "GroupBID": 62302,
          "LinkedBalanceSheetHeaders": [],
          "LinkedEarningsHeaders": []
        },
        "IsSelected": false,
        "StatementDeleteCommand": null
      },
      {
        "Header": {
          "AvailableBalanceSheetHeaders": [],
          "AvailableBenchmarks": [],
          "AvailableEarningsHeaders": [],
          "CollateralStatementInd": false,
          "CombinedStatementWithSpouseInd": false,
          "CostOrMarketTypeCde": 1,
          "Customer": {
            "Address": {
              "AddressLine1": "547 Trlqg Gmnb Ttbt",
              "CityName": "Tkjcl Jmrcg",
              "CountyCde": 1884,
              "CustomerBID": 285578,
              "StateCde": 36,
              "ZipCodeNum": "52329"
            },
            "BranchID": 11,
            "CustomerBID": 285578,
            "CustomerEID": "02747ed9b0-e9b5-4194-ac7f-82e6b6ed160e",
            "CustomerName": "Purdy Group 19",
            "CustomerTypeCde": 2,
            "DisplayName": "Purdy Group 19",
            "Phone": {
              "CustomerBID": 285578,
              "PhoneNumber": "4312121833"
            },
            "Settings": [
              {
                "CustomerBID": 285578,
                "SettingBID": 24626,
                "SettingCde": 3,
                "SettingXML": "<ESTrend><customerBID Value=\"285578\"><financialBid Value=\"6236287\" IsChecked=\"true\" /></customerBID></ESTrend>"
              },
              {
                "CustomerBID": 285578,
                "SettingBID": 24628,
                "SettingCde": 2,
                "SettingXML": "<BSTrend><customerBID Value=\"285578\"><financialBid Value=\"6149669\" IsChecked=\"true\" /><financialBid Value=\"6134860\" IsChecked=\"true\" /><financialBid Value=\"6134968\" IsChecked=\"true\" /><financialBid Value=\"6095128\" IsChecked=\"true\" /><financialBid Value=\"6133954\" IsChecked=\"true\" /><financialBid Value=\"6044034\" IsChecked=\"true\" /></customerBID></BSTrend>"
              }
            ],
            "SpouseRelation": {
              "CustomerBID": 285578,
              "CustomerEID": "02747ed9b0-e9b5-4194-ac7f-82e6b6ed160e",
              "DisplayName": null,
              "SpouseBID": null,
              "SpouseEID": null,
              "SpouseName": null
            }
          },
          "CustomerBID": 285578,
          "FinancialDataSourceTypeCde": 1,
          "FinancialStatementBID": 5853066,
          "FinancialStatementDesc": "2015 YE BS",
          "FinancialStatementEndDte": "2015-12-31T00:00:00",
          "FinancialStatementJoins": [],
          "FinancialStatementStartDte": "2015-12-31T00:00:00",
          "FinancialStatementSubTypeCde": 1,
          "FinancialStatementTemplateCde": 15,
          "GroupBID": 62302,
          "LinkedBalanceSheetHeaders": [],
          "LinkedEarningsHeaders": []
        },
        "IsSelected": false,
        "StatementDeleteCommand": null
      },
      {
        "Header": {
          "AvailableBalanceSheetHeaders": [],
          "AvailableBenchmarks": [],
          "AvailableEarningsHeaders": [],
          "CollateralStatementInd": false,
          "CombinedStatementWithSpouseInd": true,
          "CostOrMarketTypeCde": 2,
          "Customer": {
            "Address": {
              "AddressLine1": "547 Trlqg Gmnb Ttbt",
              "CityName": "Tkjcl Jmrcg",
              "CountyCde": 1884,
              "CustomerBID": 285578,
              "StateCde": 36,
              "ZipCodeNum": "52329"
            },
            "BranchID": 11,
            "CustomerBID": 285578,
            "CustomerEID": "02747ed9b0-e9b5-4194-ac7f-82e6b6ed160e",
            "CustomerName": "Purdy Group 19",
            "CustomerTypeCde": 2,
            "DisplayName": "Purdy Group 19",
            "Phone": {
              "CustomerBID": 285578,
              "PhoneNumber": "4312121833"
            },
            "Settings": [
              {
                "CustomerBID": 285578,
                "SettingBID": 24626,
                "SettingCde": 3,
                "SettingXML": "<ESTrend><customerBID Value=\"285578\"><financialBid Value=\"6236287\" IsChecked=\"true\" /></customerBID></ESTrend>"
              },
              {
                "CustomerBID": 285578,
                "SettingBID": 24628,
                "SettingCde": 2,
                "SettingXML": "<BSTrend><customerBID Value=\"285578\"><financialBid Value=\"6149669\" IsChecked=\"true\" /><financialBid Value=\"6134860\" IsChecked=\"true\" /><financialBid Value=\"6134968\" IsChecked=\"true\" /><financialBid Value=\"6095128\" IsChecked=\"true\" /><financialBid Value=\"6133954\" IsChecked=\"true\" /><financialBid Value=\"6044034\" IsChecked=\"true\" /></customerBID></BSTrend>"
              }
            ],
            "SpouseRelation": {
              "CustomerBID": 285578,
              "CustomerEID": "02747ed9b0-e9b5-4194-ac7f-82e6b6ed160e",
              "DisplayName": null,
              "SpouseBID": null,
              "SpouseEID": null,
              "SpouseName": null
            }
          },
          "CustomerBID": 285578,
          "FinancialDataSourceTypeCde": 1,
          "FinancialStatementBID": 5471446,
          "FinancialStatementDesc": "3/15 BS",
          "FinancialStatementEndDte": "2015-03-25T00:00:00",
          "FinancialStatementJoins": [],
          "FinancialStatementStartDte": "2015-03-25T00:00:00",
          "FinancialStatementSubTypeCde": 1,
          "FinancialStatementTemplateCde": 1,
          "GroupBID": 62302,
          "LinkedBalanceSheetHeaders": [],
          "LinkedEarningsHeaders": []
        },
        "IsSelected": false,
        "StatementDeleteCommand": null
      },
      {
        "Header": {
          "AvailableBalanceSheetHeaders": [],
          "AvailableBenchmarks": [],
          "AvailableEarningsHeaders": [],
          "CollateralStatementInd": false,
          "CombinedStatementWithSpouseInd": false,
          "CostOrMarketTypeCde": 1,
          "Customer": {
            "Address": {
              "AddressLine1": "547 Trlqg Gmnb Ttbt",
              "CityName": "Tkjcl Jmrcg",
              "CountyCde": 1884,
              "CustomerBID": 285578,
              "StateCde": 36,
              "ZipCodeNum": "52329"
            },
            "BranchID": 11,
            "CustomerBID": 285578,
            "CustomerEID": "02747ed9b0-e9b5-4194-ac7f-82e6b6ed160e",
            "CustomerName": "Purdy Group 19",
            "CustomerTypeCde": 2,
            "DisplayName": "Purdy Group 19",
            "Phone": {
              "CustomerBID": 285578,
              "PhoneNumber": "4312121833"
            },
            "Settings": [
              {
                "CustomerBID": 285578,
                "SettingBID": 24626,
                "SettingCde": 3,
                "SettingXML": "<ESTrend><customerBID Value=\"285578\"><financialBid Value=\"6236287\" IsChecked=\"true\" /></customerBID></ESTrend>"
              },
              {
                "CustomerBID": 285578,
                "SettingBID": 24628,
                "SettingCde": 2,
                "SettingXML": "<BSTrend><customerBID Value=\"285578\"><financialBid Value=\"6149669\" IsChecked=\"true\" /><financialBid Value=\"6134860\" IsChecked=\"true\" /><financialBid Value=\"6134968\" IsChecked=\"true\" /><financialBid Value=\"6095128\" IsChecked=\"true\" /><financialBid Value=\"6133954\" IsChecked=\"true\" /><financialBid Value=\"6044034\" IsChecked=\"true\" /></customerBID></BSTrend>"
              }
            ],
            "SpouseRelation": {
              "CustomerBID": 285578,
              "CustomerEID": "02747ed9b0-e9b5-4194-ac7f-82e6b6ed160e",
              "DisplayName": null,
              "SpouseBID": null,
              "SpouseEID": null,
              "SpouseName": null
            }
          },
          "CustomerBID": 285578,
          "FinancialDataSourceTypeCde": 1,
          "FinancialStatementBID": 5471424,
          "FinancialStatementDesc": "2014 YE BS",
          "FinancialStatementEndDte": "2014-12-31T00:00:00",
          "FinancialStatementJoins": [],
          "FinancialStatementStartDte": "2014-12-31T00:00:00",
          "FinancialStatementSubTypeCde": 1,
          "FinancialStatementTemplateCde": 15,
          "GroupBID": 62302,
          "LinkedBalanceSheetHeaders": [],
          "LinkedEarningsHeaders": []
        },
        "IsSelected": false,
        "StatementDeleteCommand": null
      },
      {
        "Header": {
          "AvailableBalanceSheetHeaders": [],
          "AvailableBenchmarks": [],
          "AvailableEarningsHeaders": [],
          "CollateralStatementInd": false,
          "CombinedStatementWithSpouseInd": false,
          "CostOrMarketTypeCde": 1,
          "Customer": {
            "Address": {
              "AddressLine1": "547 Trlqg Gmnb Ttbt",
              "CityName": "Tkjcl Jmrcg",
              "CountyCde": 1884,
              "CustomerBID": 285578,
              "StateCde": 36,
              "ZipCodeNum": "52329"
            },
            "BranchID": 11,
            "CustomerBID": 285578,
            "CustomerEID": "02747ed9b0-e9b5-4194-ac7f-82e6b6ed160e",
            "CustomerName": "Purdy Group 19",
            "CustomerTypeCde": 2,
            "DisplayName": "Purdy Group 19",
            "Phone": {
              "CustomerBID": 285578,
              "PhoneNumber": "4312121833"
            },
            "Settings": [
              {
                "CustomerBID": 285578,
                "SettingBID": 24626,
                "SettingCde": 3,
                "SettingXML": "<ESTrend><customerBID Value=\"285578\"><financialBid Value=\"6236287\" IsChecked=\"true\" /></customerBID></ESTrend>"
              },
              {
                "CustomerBID": 285578,
                "SettingBID": 24628,
                "SettingCde": 2,
                "SettingXML": "<BSTrend><customerBID Value=\"285578\"><financialBid Value=\"6149669\" IsChecked=\"true\" /><financialBid Value=\"6134860\" IsChecked=\"true\" /><financialBid Value=\"6134968\" IsChecked=\"true\" /><financialBid Value=\"6095128\" IsChecked=\"true\" /><financialBid Value=\"6133954\" IsChecked=\"true\" /><financialBid Value=\"6044034\" IsChecked=\"true\" /></customerBID></BSTrend>"
              }
            ],
            "SpouseRelation": {
              "CustomerBID": 285578,
              "CustomerEID": "02747ed9b0-e9b5-4194-ac7f-82e6b6ed160e",
              "DisplayName": null,
              "SpouseBID": null,
              "SpouseEID": null,
              "SpouseName": null
            }
          },
          "CustomerBID": 285578,
          "FinancialDataSourceTypeCde": 1,
          "FinancialStatementBID": 5471423,
          "FinancialStatementDesc": "2013 YE BS",
          "FinancialStatementEndDte": "2013-12-31T00:00:00",
          "FinancialStatementJoins": [],
          "FinancialStatementStartDte": "2013-12-31T00:00:00",
          "FinancialStatementSubTypeCde": 1,
          "FinancialStatementTemplateCde": 15,
          "GroupBID": 62302,
          "LinkedBalanceSheetHeaders": [],
          "LinkedEarningsHeaders": []
        },
        "IsSelected": false,
        "StatementDeleteCommand": null
      },
      {
        "Header": {
          "AvailableBalanceSheetHeaders": [],
          "AvailableBenchmarks": [],
          "AvailableEarningsHeaders": [],
          "CollateralStatementInd": false,
          "CombinedStatementWithSpouseInd": false,
          "CostOrMarketTypeCde": 2,
          "Customer": {
            "Address": {
              "AddressLine1": "547 Trlqg Gmnb Ttbt",
              "CityName": "Tkjcl Jmrcg",
              "CountyCde": 1884,
              "CustomerBID": 285578,
              "StateCde": 36,
              "ZipCodeNum": "52329"
            },
            "BranchID": 11,
            "CustomerBID": 285578,
            "CustomerEID": "02747ed9b0-e9b5-4194-ac7f-82e6b6ed160e",
            "CustomerName": "Purdy Group 19",
            "CustomerTypeCde": 2,
            "DisplayName": "Purdy Group 19",
            "Phone": {
              "CustomerBID": 285578,
              "PhoneNumber": "4312121833"
            },
            "Settings": [
              {
                "CustomerBID": 285578,
                "SettingBID": 24626,
                "SettingCde": 3,
                "SettingXML": "<ESTrend><customerBID Value=\"285578\"><financialBid Value=\"6236287\" IsChecked=\"true\" /></customerBID></ESTrend>"
              },
              {
                "CustomerBID": 285578,
                "SettingBID": 24628,
                "SettingCde": 2,
                "SettingXML": "<BSTrend><customerBID Value=\"285578\"><financialBid Value=\"6149669\" IsChecked=\"true\" /><financialBid Value=\"6134860\" IsChecked=\"true\" /><financialBid Value=\"6134968\" IsChecked=\"true\" /><financialBid Value=\"6095128\" IsChecked=\"true\" /><financialBid Value=\"6133954\" IsChecked=\"true\" /><financialBid Value=\"6044034\" IsChecked=\"true\" /></customerBID></BSTrend>"
              }
            ],
            "SpouseRelation": {
              "CustomerBID": 285578,
              "CustomerEID": "02747ed9b0-e9b5-4194-ac7f-82e6b6ed160e",
              "DisplayName": null,
              "SpouseBID": null,
              "SpouseEID": null,
              "SpouseName": null
            }
          },
          "CustomerBID": 285578,
          "FinancialDataSourceTypeCde": 1,
          "FinancialStatementBID": 1260244,
          "FinancialStatementDesc": "11/04/2013 BS",
          "FinancialStatementEndDte": "2013-11-04T00:00:00",
          "FinancialStatementJoins": [],
          "FinancialStatementStartDte": "2013-11-04T00:00:00",
          "FinancialStatementSubTypeCde": 1,
          "FinancialStatementTemplateCde": 1,
          "GroupBID": 62302,
          "LinkedBalanceSheetHeaders": [],
          "LinkedEarningsHeaders": []
        },
        "IsSelected": false,
        "StatementDeleteCommand": null
      },
      {
        "Header": {
          "AvailableBalanceSheetHeaders": [],
          "AvailableBenchmarks": [],
          "AvailableEarningsHeaders": [],
          "CollateralStatementInd": false,
          "CombinedStatementWithSpouseInd": false,
          "CostOrMarketTypeCde": 1,
          "Customer": {
            "Address": {
              "AddressLine1": "547 Trlqg Gmnb Ttbt",
              "CityName": "Tkjcl Jmrcg",
              "CountyCde": 1884,
              "CustomerBID": 285578,
              "StateCde": 36,
              "ZipCodeNum": "52329"
            },
            "BranchID": 11,
            "CustomerBID": 285578,
            "CustomerEID": "02747ed9b0-e9b5-4194-ac7f-82e6b6ed160e",
            "CustomerName": "Purdy Group 19",
            "CustomerTypeCde": 2,
            "DisplayName": "Purdy Group 19",
            "Phone": {
              "CustomerBID": 285578,
              "PhoneNumber": "4312121833"
            },
            "Settings": [
              {
                "CustomerBID": 285578,
                "SettingBID": 24626,
                "SettingCde": 3,
                "SettingXML": "<ESTrend><customerBID Value=\"285578\"><financialBid Value=\"6236287\" IsChecked=\"true\" /></customerBID></ESTrend>"
              },
              {
                "CustomerBID": 285578,
                "SettingBID": 24628,
                "SettingCde": 2,
                "SettingXML": "<BSTrend><customerBID Value=\"285578\"><financialBid Value=\"6149669\" IsChecked=\"true\" /><financialBid Value=\"6134860\" IsChecked=\"true\" /><financialBid Value=\"6134968\" IsChecked=\"true\" /><financialBid Value=\"6095128\" IsChecked=\"true\" /><financialBid Value=\"6133954\" IsChecked=\"true\" /><financialBid Value=\"6044034\" IsChecked=\"true\" /></customerBID></BSTrend>"
              }
            ],
            "SpouseRelation": {
              "CustomerBID": 285578,
              "CustomerEID": "02747ed9b0-e9b5-4194-ac7f-82e6b6ed160e",
              "DisplayName": null,
              "SpouseBID": null,
              "SpouseEID": null,
              "SpouseName": null
            }
          },
          "CustomerBID": 285578,
          "FinancialDataSourceTypeCde": 1,
          "FinancialStatementBID": 1260453,
          "FinancialStatementDesc": "2012 YE BS",
          "FinancialStatementEndDte": "2012-12-31T00:00:00",
          "FinancialStatementJoins": [],
          "FinancialStatementStartDte": "2012-12-31T00:00:00",
          "FinancialStatementSubTypeCde": 1,
          "FinancialStatementTemplateCde": 15,
          "GroupBID": 62302,
          "LinkedBalanceSheetHeaders": [],
          "LinkedEarningsHeaders": []
        },
        "IsSelected": false,
        "StatementDeleteCommand": null
      },
      {
        "Header": {
          "AvailableBalanceSheetHeaders": [],
          "AvailableBenchmarks": [],
          "AvailableEarningsHeaders": [],
          "CollateralStatementInd": false,
          "CombinedStatementWithSpouseInd": false,
          "CostOrMarketTypeCde": 1,
          "Customer": {
            "Address": {
              "AddressLine1": "547 Trlqg Gmnb Ttbt",
              "CityName": "Tkjcl Jmrcg",
              "CountyCde": 1884,
              "CustomerBID": 285578,
              "StateCde": 36,
              "ZipCodeNum": "52329"
            },
            "BranchID": 11,
            "CustomerBID": 285578,
            "CustomerEID": "02747ed9b0-e9b5-4194-ac7f-82e6b6ed160e",
            "CustomerName": "Purdy Group 19",
            "CustomerTypeCde": 2,
            "DisplayName": "Purdy Group 19",
            "Phone": {
              "CustomerBID": 285578,
              "PhoneNumber": "4312121833"
            },
            "Settings": [
              {
                "CustomerBID": 285578,
                "SettingBID": 24626,
                "SettingCde": 3,
                "SettingXML": "<ESTrend><customerBID Value=\"285578\"><financialBid Value=\"6236287\" IsChecked=\"true\" /></customerBID></ESTrend>"
              },
              {
                "CustomerBID": 285578,
                "SettingBID": 24628,
                "SettingCde": 2,
                "SettingXML": "<BSTrend><customerBID Value=\"285578\"><financialBid Value=\"6149669\" IsChecked=\"true\" /><financialBid Value=\"6134860\" IsChecked=\"true\" /><financialBid Value=\"6134968\" IsChecked=\"true\" /><financialBid Value=\"6095128\" IsChecked=\"true\" /><financialBid Value=\"6133954\" IsChecked=\"true\" /><financialBid Value=\"6044034\" IsChecked=\"true\" /></customerBID></BSTrend>"
              }
            ],
            "SpouseRelation": {
              "CustomerBID": 285578,
              "CustomerEID": "02747ed9b0-e9b5-4194-ac7f-82e6b6ed160e",
              "DisplayName": null,
              "SpouseBID": null,
              "SpouseEID": null,
              "SpouseName": null
            }
          },
          "CustomerBID": 285578,
          "FinancialDataSourceTypeCde": 1,
          "FinancialStatementBID": 1260438,
          "FinancialStatementDesc": "2011 YE BS",
          "FinancialStatementEndDte": "2011-12-31T00:00:00",
          "FinancialStatementJoins": [],
          "FinancialStatementStartDte": "2011-12-31T00:00:00",
          "FinancialStatementSubTypeCde": 1,
          "FinancialStatementTemplateCde": 1,
          "GroupBID": 62302,
          "LinkedBalanceSheetHeaders": [],
          "LinkedEarningsHeaders": []
        },
        "IsSelected": false,
        "StatementDeleteCommand": null
      },
      {
        "Header": {
          "AvailableBalanceSheetHeaders": [],
          "AvailableBenchmarks": [],
          "AvailableEarningsHeaders": [],
          "CollateralStatementInd": false,
          "CombinedStatementWithSpouseInd": false,
          "CostOrMarketTypeCde": 1,
          "Customer": {
            "Address": {
              "AddressLine1": "547 Trlqg Gmnb Ttbt",
              "CityName": "Tkjcl Jmrcg",
              "CountyCde": 1884,
              "CustomerBID": 285578,
              "StateCde": 36,
              "ZipCodeNum": "52329"
            },
            "BranchID": 11,
            "CustomerBID": 285578,
            "CustomerEID": "02747ed9b0-e9b5-4194-ac7f-82e6b6ed160e",
            "CustomerName": "Purdy Group 19",
            "CustomerTypeCde": 2,
            "DisplayName": "Purdy Group 19",
            "Phone": {
              "CustomerBID": 285578,
              "PhoneNumber": "4312121833"
            },
            "Settings": [
              {
                "CustomerBID": 285578,
                "SettingBID": 24626,
                "SettingCde": 3,
                "SettingXML": "<ESTrend><customerBID Value=\"285578\"><financialBid Value=\"6236287\" IsChecked=\"true\" /></customerBID></ESTrend>"
              },
              {
                "CustomerBID": 285578,
                "SettingBID": 24628,
                "SettingCde": 2,
                "SettingXML": "<BSTrend><customerBID Value=\"285578\"><financialBid Value=\"6149669\" IsChecked=\"true\" /><financialBid Value=\"6134860\" IsChecked=\"true\" /><financialBid Value=\"6134968\" IsChecked=\"true\" /><financialBid Value=\"6095128\" IsChecked=\"true\" /><financialBid Value=\"6133954\" IsChecked=\"true\" /><financialBid Value=\"6044034\" IsChecked=\"true\" /></customerBID></BSTrend>"
              }
            ],
            "SpouseRelation": {
              "CustomerBID": 285578,
              "CustomerEID": "02747ed9b0-e9b5-4194-ac7f-82e6b6ed160e",
              "DisplayName": null,
              "SpouseBID": null,
              "SpouseEID": null,
              "SpouseName": null
            }
          },
          "CustomerBID": 285578,
          "FinancialDataSourceTypeCde": 1,
          "FinancialStatementBID": 1260432,
          "FinancialStatementDesc": "2010 YE BS",
          "FinancialStatementEndDte": "2010-12-31T00:00:00",
          "FinancialStatementJoins": [],
          "FinancialStatementStartDte": "2010-12-31T00:00:00",
          "FinancialStatementSubTypeCde": 1,
          "FinancialStatementTemplateCde": 1,
          "GroupBID": 62302,
          "LinkedBalanceSheetHeaders": [],
          "LinkedEarningsHeaders": []
        },
        "IsSelected": false,
        "StatementDeleteCommand": null
      },
      {
        "Header": {
          "AvailableBalanceSheetHeaders": [],
          "AvailableBenchmarks": [],
          "AvailableEarningsHeaders": [],
          "CollateralStatementInd": false,
          "CombinedStatementWithSpouseInd": false,
          "CostOrMarketTypeCde": 1,
          "Customer": {
            "Address": {
              "AddressLine1": "547 Trlqg Gmnb Ttbt",
              "CityName": "Tkjcl Jmrcg",
              "CountyCde": 1884,
              "CustomerBID": 285578,
              "StateCde": 36,
              "ZipCodeNum": "52329"
            },
            "BranchID": 11,
            "CustomerBID": 285578,
            "CustomerEID": "02747ed9b0-e9b5-4194-ac7f-82e6b6ed160e",
            "CustomerName": "Purdy Group 19",
            "CustomerTypeCde": 2,
            "DisplayName": "Purdy Group 19",
            "Phone": {
              "CustomerBID": 285578,
              "PhoneNumber": "4312121833"
            },
            "Settings": [
              {
                "CustomerBID": 285578,
                "SettingBID": 24626,
                "SettingCde": 3,
                "SettingXML": "<ESTrend><customerBID Value=\"285578\"><financialBid Value=\"6236287\" IsChecked=\"true\" /></customerBID></ESTrend>"
              },
              {
                "CustomerBID": 285578,
                "SettingBID": 24628,
                "SettingCde": 2,
                "SettingXML": "<BSTrend><customerBID Value=\"285578\"><financialBid Value=\"6149669\" IsChecked=\"true\" /><financialBid Value=\"6134860\" IsChecked=\"true\" /><financialBid Value=\"6134968\" IsChecked=\"true\" /><financialBid Value=\"6095128\" IsChecked=\"true\" /><financialBid Value=\"6133954\" IsChecked=\"true\" /><financialBid Value=\"6044034\" IsChecked=\"true\" /></customerBID></BSTrend>"
              }
            ],
            "SpouseRelation": {
              "CustomerBID": 285578,
              "CustomerEID": "02747ed9b0-e9b5-4194-ac7f-82e6b6ed160e",
              "DisplayName": null,
              "SpouseBID": null,
              "SpouseEID": null,
              "SpouseName": null
            }
          },
          "CustomerBID": 285578,
          "FinancialDataSourceTypeCde": 1,
          "FinancialStatementBID": 1260429,
          "FinancialStatementDesc": "12/31/2009 BS",
          "FinancialStatementEndDte": "2009-12-31T00:00:00",
          "FinancialStatementJoins": [],
          "FinancialStatementStartDte": "2009-12-31T00:00:00",
          "FinancialStatementSubTypeCde": 1,
          "FinancialStatementTemplateCde": 1,
          "GroupBID": 62302,
          "LinkedBalanceSheetHeaders": [],
          "LinkedEarningsHeaders": []
        },
        "IsSelected": false,
        "StatementDeleteCommand": null
      }
    ],
    "CustomerStatements": null
  },
  {
    "Customer": {
      "Address": {
        "AddressLine1": "679 Hpbnl Ivem Znae",
        "CityName": "Vvhug Hvltt",
        "CountyCde": 1884,
        "CustomerBID": 285789,
        "StateCde": 36,
        "ZipCodeNum": "95884"
      },
      "BranchID": 11,
      "CustomerBID": 285789,
      "CustomerEID": "0291268d95-79fa-4c9c-9306-56565c1b4272",
      "CustomerName": "Orantes, Thuy 22 C,",
      "CustomerTypeCde": 1,
      "DisplayName": "El- Thuy 22 C, Orantes ",
      "Phone": {
        "CustomerBID": 285789,
        "PhoneNumber": "7720475879"
      },
      "Settings": [
        {
          "CustomerBID": 285789,
          "SettingBID": 24610,
          "SettingCde": 2,
          "SettingXML": "<BSTrend><customerBID Value=\"285789\"><financialBid Value=\"6149681\" IsChecked=\"true\" /></customerBID></BSTrend>"
        },
        {
          "CustomerBID": 285789,
          "SettingBID": 24611,
          "SettingCde": 3,
          "SettingXML": "<ESTrend><customerBID Value=\"285789\"><financialBid Value=\"6149678\" IsChecked=\"true\" /><financialBid Value=\"6133976\" IsChecked=\"true\" /><financialBid Value=\"6044066\" IsChecked=\"true\" /><financialBid Value=\"5949134\" IsChecked=\"true\" /><financialBid Value=\"5853207\" IsChecked=\"true\" /></customerBID></ESTrend>"
        }
      ],
      "SpouseRelation": {
        "CustomerBID": 285789,
        "CustomerEID": "0291268d95-79fa-4c9c-9306-56565c1b4272",
        "DisplayName": null,
        "SpouseBID": null,
        "SpouseEID": "02f8bbc68e-8223-46bb-ad8b-7c6bc5807021",
        "SpouseName": "Kjt. Lawrence 24 D&F+ Giebner "
      }
    },
    "Statements": [
      {
        "Header": {
          "AvailableBalanceSheetHeaders": [],
          "AvailableBenchmarks": [],
          "AvailableEarningsHeaders": [],
          "CollateralStatementInd": false,
          "CombinedStatementWithSpouseInd": true,
          "CostOrMarketTypeCde": 2,
          "Customer": {
            "Address": {
              "AddressLine1": "679 Hpbnl Ivem Znae",
              "CityName": "Vvhug Hvltt",
              "CountyCde": 1884,
              "CustomerBID": 285789,
              "StateCde": 36,
              "ZipCodeNum": "95884"
            },
            "BranchID": 11,
            "CustomerBID": 285789,
            "CustomerEID": "0291268d95-79fa-4c9c-9306-56565c1b4272",
            "CustomerName": "Orantes, Thuy 22 C,",
            "CustomerTypeCde": 1,
            "DisplayName": "El- Thuy 22 C, Orantes ",
            "Phone": {
              "CustomerBID": 285789,
              "PhoneNumber": "7720475879"
            },
            "Settings": [
              {
                "CustomerBID": 285789,
                "SettingBID": 24610,
                "SettingCde": 2,
                "SettingXML": "<BSTrend><customerBID Value=\"285789\"><financialBid Value=\"6149681\" IsChecked=\"true\" /></customerBID></BSTrend>"
              },
              {
                "CustomerBID": 285789,
                "SettingBID": 24611,
                "SettingCde": 3,
                "SettingXML": "<ESTrend><customerBID Value=\"285789\"><financialBid Value=\"6149678\" IsChecked=\"true\" /><financialBid Value=\"6133976\" IsChecked=\"true\" /><financialBid Value=\"6044066\" IsChecked=\"true\" /><financialBid Value=\"5949134\" IsChecked=\"true\" /><financialBid Value=\"5853207\" IsChecked=\"true\" /></customerBID></ESTrend>"
              }
            ],
            "SpouseRelation": {
              "CustomerBID": 285789,
              "CustomerEID": "0291268d95-79fa-4c9c-9306-56565c1b4272",
              "DisplayName": null,
              "SpouseBID": null,
              "SpouseEID": "02f8bbc68e-8223-46bb-ad8b-7c6bc5807021",
              "SpouseName": "Kjt. Lawrence 24 D&F+ Giebner "
            }
          },
          "CustomerBID": 285789,
          "FinancialDataSourceTypeCde": 1,
          "FinancialStatementBID": 6149681,
          "FinancialStatementDesc": "Post Close BS",
          "FinancialStatementEndDte": "2020-12-31T00:00:00",
          "FinancialStatementJoins": [],
          "FinancialStatementStartDte": "2020-12-31T00:00:00",
          "FinancialStatementSubTypeCde": 1,
          "FinancialStatementTemplateCde": 15,
          "GroupBID": 62302,
          "LinkedBalanceSheetHeaders": [],
          "LinkedEarningsHeaders": []
        },
        "IsSelected": false,
        "StatementDeleteCommand": null
      },
      {
        "Header": {
          "AvailableBalanceSheetHeaders": [],
          "AvailableBenchmarks": [],
          "AvailableEarningsHeaders": [],
          "CollateralStatementInd": false,
          "CombinedStatementWithSpouseInd": true,
          "CostOrMarketTypeCde": 2,
          "Customer": {
            "Address": {
              "AddressLine1": "679 Hpbnl Ivem Znae",
              "CityName": "Vvhug Hvltt",
              "CountyCde": 1884,
              "CustomerBID": 285789,
              "StateCde": 36,
              "ZipCodeNum": "95884"
            },
            "BranchID": 11,
            "CustomerBID": 285789,
            "CustomerEID": "0291268d95-79fa-4c9c-9306-56565c1b4272",
            "CustomerName": "Orantes, Thuy 22 C,",
            "CustomerTypeCde": 1,
            "DisplayName": "El- Thuy 22 C, Orantes ",
            "Phone": {
              "CustomerBID": 285789,
              "PhoneNumber": "7720475879"
            },
            "Settings": [
              {
                "CustomerBID": 285789,
                "SettingBID": 24610,
                "SettingCde": 2,
                "SettingXML": "<BSTrend><customerBID Value=\"285789\"><financialBid Value=\"6149681\" IsChecked=\"true\" /></customerBID></BSTrend>"
              },
              {
                "CustomerBID": 285789,
                "SettingBID": 24611,
                "SettingCde": 3,
                "SettingXML": "<ESTrend><customerBID Value=\"285789\"><financialBid Value=\"6149678\" IsChecked=\"true\" /><financialBid Value=\"6133976\" IsChecked=\"true\" /><financialBid Value=\"6044066\" IsChecked=\"true\" /><financialBid Value=\"5949134\" IsChecked=\"true\" /><financialBid Value=\"5853207\" IsChecked=\"true\" /></customerBID></ESTrend>"
              }
            ],
            "SpouseRelation": {
              "CustomerBID": 285789,
              "CustomerEID": "0291268d95-79fa-4c9c-9306-56565c1b4272",
              "DisplayName": null,
              "SpouseBID": null,
              "SpouseEID": "02f8bbc68e-8223-46bb-ad8b-7c6bc5807021",
              "SpouseName": "Kjt. Lawrence 24 D&F+ Giebner "
            }
          },
          "CustomerBID": 285789,
          "FinancialDataSourceTypeCde": 1,
          "FinancialStatementBID": 6133982,
          "FinancialStatementDesc": "8/20 BS",
          "FinancialStatementEndDte": "2020-08-29T00:00:00",
          "FinancialStatementJoins": [],
          "FinancialStatementStartDte": "2020-08-29T00:00:00",
          "FinancialStatementSubTypeCde": 1,
          "FinancialStatementTemplateCde": 15,
          "GroupBID": 62302,
          "LinkedBalanceSheetHeaders": [],
          "LinkedEarningsHeaders": [],
          "PercentAmountPct": 0,
          "StatementOrderNum": 1
        },
        "IsSelected": false,
        "StatementDeleteCommand": null
      },
      {
        "Header": {
          "AvailableBalanceSheetHeaders": [],
          "AvailableBenchmarks": [],
          "AvailableEarningsHeaders": [],
          "CollateralStatementInd": false,
          "CombinedStatementWithSpouseInd": true,
          "CostOrMarketTypeCde": 2,
          "Customer": {
            "Address": {
              "AddressLine1": "679 Hpbnl Ivem Znae",
              "CityName": "Vvhug Hvltt",
              "CountyCde": 1884,
              "CustomerBID": 285789,
              "StateCde": 36,
              "ZipCodeNum": "95884"
            },
            "BranchID": 11,
            "CustomerBID": 285789,
            "CustomerEID": "0291268d95-79fa-4c9c-9306-56565c1b4272",
            "CustomerName": "Orantes, Thuy 22 C,",
            "CustomerTypeCde": 1,
            "DisplayName": "El- Thuy 22 C, Orantes ",
            "Phone": {
              "CustomerBID": 285789,
              "PhoneNumber": "7720475879"
            },
            "Settings": [
              {
                "CustomerBID": 285789,
                "SettingBID": 24610,
                "SettingCde": 2,
                "SettingXML": "<BSTrend><customerBID Value=\"285789\"><financialBid Value=\"6149681\" IsChecked=\"true\" /></customerBID></BSTrend>"
              },
              {
                "CustomerBID": 285789,
                "SettingBID": 24611,
                "SettingCde": 3,
                "SettingXML": "<ESTrend><customerBID Value=\"285789\"><financialBid Value=\"6149678\" IsChecked=\"true\" /><financialBid Value=\"6133976\" IsChecked=\"true\" /><financialBid Value=\"6044066\" IsChecked=\"true\" /><financialBid Value=\"5949134\" IsChecked=\"true\" /><financialBid Value=\"5853207\" IsChecked=\"true\" /></customerBID></ESTrend>"
              }
            ],
            "SpouseRelation": {
              "CustomerBID": 285789,
              "CustomerEID": "0291268d95-79fa-4c9c-9306-56565c1b4272",
              "DisplayName": null,
              "SpouseBID": null,
              "SpouseEID": "02f8bbc68e-8223-46bb-ad8b-7c6bc5807021",
              "SpouseName": "Kjt. Lawrence 24 D&F+ Giebner "
            }
          },
          "CustomerBID": 285789,
          "FinancialDataSourceTypeCde": 1,
          "FinancialStatementBID": 6044064,
          "FinancialStatementDesc": "08/19 BS",
          "FinancialStatementEndDte": "2019-08-29T00:00:00",
          "FinancialStatementJoins": [],
          "FinancialStatementStartDte": "2019-08-29T00:00:00",
          "FinancialStatementSubTypeCde": 1,
          "FinancialStatementTemplateCde": 15,
          "GroupBID": 62302,
          "LinkedBalanceSheetHeaders": [],
          "LinkedEarningsHeaders": []
        },
        "IsSelected": false,
        "StatementDeleteCommand": null
      },
      {
        "Header": {
          "AvailableBalanceSheetHeaders": [],
          "AvailableBenchmarks": [],
          "AvailableEarningsHeaders": [],
          "CollateralStatementInd": false,
          "CombinedStatementWithSpouseInd": true,
          "CostOrMarketTypeCde": 2,
          "Customer": {
            "Address": {
              "AddressLine1": "679 Hpbnl Ivem Znae",
              "CityName": "Vvhug Hvltt",
              "CountyCde": 1884,
              "CustomerBID": 285789,
              "StateCde": 36,
              "ZipCodeNum": "95884"
            },
            "BranchID": 11,
            "CustomerBID": 285789,
            "CustomerEID": "0291268d95-79fa-4c9c-9306-56565c1b4272",
            "CustomerName": "Orantes, Thuy 22 C,",
            "CustomerTypeCde": 1,
            "DisplayName": "El- Thuy 22 C, Orantes ",
            "Phone": {
              "CustomerBID": 285789,
              "PhoneNumber": "7720475879"
            },
            "Settings": [
              {
                "CustomerBID": 285789,
                "SettingBID": 24610,
                "SettingCde": 2,
                "SettingXML": "<BSTrend><customerBID Value=\"285789\"><financialBid Value=\"6149681\" IsChecked=\"true\" /></customerBID></BSTrend>"
              },
              {
                "CustomerBID": 285789,
                "SettingBID": 24611,
                "SettingCde": 3,
                "SettingXML": "<ESTrend><customerBID Value=\"285789\"><financialBid Value=\"6149678\" IsChecked=\"true\" /><financialBid Value=\"6133976\" IsChecked=\"true\" /><financialBid Value=\"6044066\" IsChecked=\"true\" /><financialBid Value=\"5949134\" IsChecked=\"true\" /><financialBid Value=\"5853207\" IsChecked=\"true\" /></customerBID></ESTrend>"
              }
            ],
            "SpouseRelation": {
              "CustomerBID": 285789,
              "CustomerEID": "0291268d95-79fa-4c9c-9306-56565c1b4272",
              "DisplayName": null,
              "SpouseBID": null,
              "SpouseEID": "02f8bbc68e-8223-46bb-ad8b-7c6bc5807021",
              "SpouseName": "Kjt. Lawrence 24 D&F+ Giebner "
            }
          },
          "CustomerBID": 285789,
          "FinancialDataSourceTypeCde": 1,
          "FinancialStatementBID": 5949130,
          "FinancialStatementDesc": "9/18 BS",
          "FinancialStatementEndDte": "2018-09-30T00:00:00",
          "FinancialStatementJoins": [],
          "FinancialStatementStartDte": "2018-09-30T00:00:00",
          "FinancialStatementSubTypeCde": 1,
          "FinancialStatementTemplateCde": 15,
          "GroupBID": 62302,
          "LinkedBalanceSheetHeaders": [],
          "LinkedEarningsHeaders": []
        },
        "IsSelected": false,
        "StatementDeleteCommand": null
      },
      {
        "Header": {
          "AvailableBalanceSheetHeaders": [],
          "AvailableBenchmarks": [],
          "AvailableEarningsHeaders": [],
          "CollateralStatementInd": false,
          "CombinedStatementWithSpouseInd": true,
          "CostOrMarketTypeCde": 2,
          "Customer": {
            "Address": {
              "AddressLine1": "679 Hpbnl Ivem Znae",
              "CityName": "Vvhug Hvltt",
              "CountyCde": 1884,
              "CustomerBID": 285789,
              "StateCde": 36,
              "ZipCodeNum": "95884"
            },
            "BranchID": 11,
            "CustomerBID": 285789,
            "CustomerEID": "0291268d95-79fa-4c9c-9306-56565c1b4272",
            "CustomerName": "Orantes, Thuy 22 C,",
            "CustomerTypeCde": 1,
            "DisplayName": "El- Thuy 22 C, Orantes ",
            "Phone": {
              "CustomerBID": 285789,
              "PhoneNumber": "7720475879"
            },
            "Settings": [
              {
                "CustomerBID": 285789,
                "SettingBID": 24610,
                "SettingCde": 2,
                "SettingXML": "<BSTrend><customerBID Value=\"285789\"><financialBid Value=\"6149681\" IsChecked=\"true\" /></customerBID></BSTrend>"
              },
              {
                "CustomerBID": 285789,
                "SettingBID": 24611,
                "SettingCde": 3,
                "SettingXML": "<ESTrend><customerBID Value=\"285789\"><financialBid Value=\"6149678\" IsChecked=\"true\" /><financialBid Value=\"6133976\" IsChecked=\"true\" /><financialBid Value=\"6044066\" IsChecked=\"true\" /><financialBid Value=\"5949134\" IsChecked=\"true\" /><financialBid Value=\"5853207\" IsChecked=\"true\" /></customerBID></ESTrend>"
              }
            ],
            "SpouseRelation": {
              "CustomerBID": 285789,
              "CustomerEID": "0291268d95-79fa-4c9c-9306-56565c1b4272",
              "DisplayName": null,
              "SpouseBID": null,
              "SpouseEID": "02f8bbc68e-8223-46bb-ad8b-7c6bc5807021",
              "SpouseName": "Kjt. Lawrence 24 D&F+ Giebner "
            }
          },
          "CustomerBID": 285789,
          "FinancialDataSourceTypeCde": 1,
          "FinancialStatementBID": 5853193,
          "FinancialStatementDesc": "10/17 BS",
          "FinancialStatementEndDte": "2017-10-23T00:00:00",
          "FinancialStatementJoins": [],
          "FinancialStatementStartDte": "2017-10-23T00:00:00",
          "FinancialStatementSubTypeCde": 1,
          "FinancialStatementTemplateCde": 15,
          "GroupBID": 62302,
          "LinkedBalanceSheetHeaders": [],
          "LinkedEarningsHeaders": []
        },
        "IsSelected": false,
        "StatementDeleteCommand": null
      },
      {
        "Header": {
          "AvailableBalanceSheetHeaders": [],
          "AvailableBenchmarks": [],
          "AvailableEarningsHeaders": [],
          "CollateralStatementInd": false,
          "CombinedStatementWithSpouseInd": true,
          "CostOrMarketTypeCde": 2,
          "Customer": {
            "Address": {
              "AddressLine1": "679 Hpbnl Ivem Znae",
              "CityName": "Vvhug Hvltt",
              "CountyCde": 1884,
              "CustomerBID": 285789,
              "StateCde": 36,
              "ZipCodeNum": "95884"
            },
            "BranchID": 11,
            "CustomerBID": 285789,
            "CustomerEID": "0291268d95-79fa-4c9c-9306-56565c1b4272",
            "CustomerName": "Orantes, Thuy 22 C,",
            "CustomerTypeCde": 1,
            "DisplayName": "El- Thuy 22 C, Orantes ",
            "Phone": {
              "CustomerBID": 285789,
              "PhoneNumber": "7720475879"
            },
            "Settings": [
              {
                "CustomerBID": 285789,
                "SettingBID": 24610,
                "SettingCde": 2,
                "SettingXML": "<BSTrend><customerBID Value=\"285789\"><financialBid Value=\"6149681\" IsChecked=\"true\" /></customerBID></BSTrend>"
              },
              {
                "CustomerBID": 285789,
                "SettingBID": 24611,
                "SettingCde": 3,
                "SettingXML": "<ESTrend><customerBID Value=\"285789\"><financialBid Value=\"6149678\" IsChecked=\"true\" /><financialBid Value=\"6133976\" IsChecked=\"true\" /><financialBid Value=\"6044066\" IsChecked=\"true\" /><financialBid Value=\"5949134\" IsChecked=\"true\" /><financialBid Value=\"5853207\" IsChecked=\"true\" /></customerBID></ESTrend>"
              }
            ],
            "SpouseRelation": {
              "CustomerBID": 285789,
              "CustomerEID": "0291268d95-79fa-4c9c-9306-56565c1b4272",
              "DisplayName": null,
              "SpouseBID": null,
              "SpouseEID": "02f8bbc68e-8223-46bb-ad8b-7c6bc5807021",
              "SpouseName": "Kjt. Lawrence 24 D&F+ Giebner "
            }
          },
          "CustomerBID": 285789,
          "FinancialDataSourceTypeCde": 1,
          "FinancialStatementBID": 5471342,
          "FinancialStatementDesc": "3/15 BS",
          "FinancialStatementEndDte": "2015-03-25T00:00:00",
          "FinancialStatementJoins": [],
          "FinancialStatementStartDte": "2015-03-25T00:00:00",
          "FinancialStatementSubTypeCde": 1,
          "FinancialStatementTemplateCde": 1,
          "GroupBID": 62302,
          "LinkedBalanceSheetHeaders": [],
          "LinkedEarningsHeaders": []
        },
        "IsSelected": false,
        "StatementDeleteCommand": null
      }
    ],
    "CustomerStatements": null
  }
]
