{
    "RetrieveCustomerByCustomerBIDResult": {
        "Address": {
            "AddressLine1": "378 Nccid Vtekxe",
            "CityName": "Gtvtugps",
            "CountyCde": 1880,
            "CustomerBID": 217293,
            "StateCde": 36,
            "ZipCodeNum": "28842"
        },
        "BranchID": 11,
        "CustomerBID": 217293,
        "CustomerEID": "021A3BAC64-8A0A-0A0A-0A0A-0A0A0A0A0A0A",
        "CustomerName": "Carroll Group 10",
        "CustomerTypeCde": 2,
        "DisplayName": "Carroll Group 10",
        "Phone": {
            "CustomerBID": 217293,
            "PhoneNumber": "6319566391"
        },
        "Settings": [
            {
                "CustomerBID": 217293,
                "SettingBID": 129026,
                "SettingCde": 2,
                "SettingXML": "<BSTrend><customerBID Value=\"217293\"><financialBid Value=\"6236273\" IsChecked=\"true\" /><financialBid Value=\"73288\" IsChecked=\"true\" /></customerBID></BSTrend>"
            }
        ],
        "SpouseRelation": {
            "CustomerBID": 217293,
            "CustomerEID": "021A3BAC64-8A0A-0A0A-0A0A-0A0A0A0A0A0A",
            "DisplayName": null,
            "SpouseBID": null,
            "SpouseEID": null,
            "SpouseName": null
        }
    },
    "Errors": null
}