{
    "RetrieveFavoriteRecentCustomersByUserIDResult": {
        "CustomerTasks": [
            {
                "CustomerBID": 285578,
                "CustomerTaskBID": 6149669,
                "CustomerTaskCde": 1,
                "FinancialStatementBID": 6149669,
                "FinancialStatementDesc": "Proj Post Close",
                "FinancialStatementEndDte": "/Date(1609390800000-0500)/",
                "FinancialStatementStartDte": "/Date(1609390800000-0500)/",
                "FinancialStatementSubTypeCde": 1,
                "LastViewedDate": "/Date(1601411890727-0400)/",
                "OwnerUserID": 1432,
                "TaskDescription": "Balance Sheet"
            },
            {
                "CustomerBID": 285578,
                "CustomerTaskBID": 6236262,
                "CustomerTaskCde": 2,
                "FinancialStatementBID": 6236262,
                "FinancialStatementDesc": "Jun17809",
                "FinancialStatementEndDte": "/Date(1654920000000-0400)/",
                "FinancialStatementStartDte": "/Date(1623470400000-0400)/",
                "FinancialStatementSubTypeCde": 5,
                "LastViewedDate": "/Date(1623932158117-0400)/",
                "OwnerUserID": 1932,
                "TaskDescription": "Earnings Statement"
            },
            {
                "CustomerBID": 285578,
                "CustomerTaskBID": 6134968,
                "CustomerTaskCde": 4,
                "FinancialStatementBID": 6134968,
                "FinancialStatementDesc": "8/20 Cons BS",
                "FinancialStatementEndDte": "/Date(1598587200000-0400)/",
                "FinancialStatementStartDte": "/Date(1598587200000-0400)/",
                "FinancialStatementSubTypeCde": 12,
                "LastViewedDate": "/Date(1600713612857-0400)/",
                "OwnerUserID": 1432,
                "TaskDescription": "BS Consolidation"
            },
            {
                "CustomerBID": 285578,
                "CustomerTaskBID": 6134969,
                "CustomerTaskCde": 5,
                "FinancialStatementBID": 6134969,
                "FinancialStatementDesc": "2019 Cons ES w/ Kids",
                "FinancialStatementEndDte": "/Date(1577768400000-0500)/",
                "FinancialStatementStartDte": "/Date(1546318800000-0500)/",
                "FinancialStatementSubTypeCde": 13,
                "LastViewedDate": "/Date(1598651476477-0400)/",
                "OwnerUserID": 1432,
                "TaskDescription": "ES Consolidation"
            }
        ],
        "Customers": [
            {
                "Address": {
                    "AddressLine1": "547 Trlqg Gmnb Ttbt",
                    "CityName": "Tkjcl Jmrcg",
                    "CountyCde": 1884,
                    "CustomerBID": 285578,
                    "StateAbbrev": "NY",
                    "StateCde": 36,
                    "ZipCodeNum": "52329"
                },
                "BranchID": 11,
                "BranchName": "Middletown",
                "CustomerBID": 285578,
                "CustomerEID": "02747ed9b0-e9b5-4194-ac7f-82e6b6ed160e",
                "CustomerName": "Purdy Group 19",
                "CustomerTypeCde": 1,
                "FavoriteTypeCde": 1,
                "LastViewDte": "/Date(1623938152230-0400)/",
                "OwnerUserID": 1932,
                "Phone": {
                    "CustomerBID": 285578,
                    "PhoneNumber": "4312121833"
                }
            },
            {
                "Address": {
                    "AddressLine1": "328E Tvalz Jdsfzv Kfcr",
                    "CityName": "Kfbzasxm",
                    "CountyCde": 1224,
                    "CustomerBID": 253571,
                    "StateAbbrev": "MA",
                    "StateCde": 25,
                    "ZipCodeNum": "83274"
                },
                "BranchID": 6,
                "BranchName": "Middleboro",
                "CustomerBID": 253571,
                "CustomerEID": "020b95b7d7-ca9f-4a2c-8c27-ac2fdc6c15a4",
                "CustomerName": "Purdy Group 1",
                "CustomerTypeCde": 2,
                "FavoriteTypeCde": 1,
                "LastViewDte": "/Date(1623671446067-0400)/",
                "OwnerUserID": 1932,
                "Phone": {
                    "CustomerBID": 253571
                }
            },
            {
                "Address": {
                    "AddressLine1": "M/A, Jff 680",
                    "CityName": "Oqekona",
                    "CustomerBID": 10487,
                    "StateAbbrev": "ME",
                    "StateCde": 23,
                    "ZipCodeNum": "13233"
                },
                "BranchID": 27,
                "BranchName": "Presque Isle",
                "CustomerBID": 10487,
                "CustomerEID": "021A11AD15-44A0-A0A0-A0A0-A0A0A0A0A0A0",
                "CustomerName": "Johns Inc 12",
                "CustomerTypeCde": 2,
                "FavoriteTypeCde": 1,
                "LastViewDte": "/Date(1623671413260-0400)/",
                "OwnerUserID": 1932,
                "Phone": {
                    "CustomerBID": 10487,
                    "PhoneNumber": "2417327648"
                }
            }
        ],
        "openedCustomers":[

        ]
    },
    "Errors": null
}