{
    "customerListWithEarningsStatmentList":[
    {
        "customerId" : 1,
        "customerName" : "Cheap Sam's Plant Bargains, LLC.",
        "earningStatements": 
        [
            {
                "statementid" : "1",
                "earningstatementname" : "Testing statement One",
                "FinancialStatementStartDte" :"/Date(1609390800000-0500)/",
                "FinancialStatementEndDte" : "/Date(1609390800000-0500)/",
                "type" : "Earnings",
                "sourcedate" : "Cash",
                "financialquality" : "Electronic Records - Other",
                "activetemplate" : "Dairy Livestock"
            },
            {
                "statementid" : "2",
                "earningstatementname" : "Testing statement Two",
                "FinancialStatementStartDte" : "/Date(1623470400000-0400)/",
                "FinancialStatementEndDte" : "/Date(1654920000000-0400)/",
                "type" : "Earnings",
                "sourcedate" : "Accrual",
                "financialquality" : "Complilation",
                "activetemplate" : "Aqatic"
            },
            {
                "statementid" : "3",
                "earningstatementname" : "Testing statement Three",
                "FinancialStatementStartDte" : "/Date(1598587200000-0400)/",
                "FinancialStatementEndDte" : "/Date(1598587200000-0400)/",
                "type" : "Earnings",
                "sourcedate" : "Cash",
                "financialquality" : "Audit",
                "activetemplate" : "Ag Retail"
            }
        
        ]
    },
    {
        "customerId" : 2,
        "customerName" : "Cheap Sam's Reality",
        "earningStatements": 
        [
            {
                "statementid" : "4",
                "earningstatementname" : "Testing statement Four",
                "FinancialStatementStartDte" : "/Date(1598587200000-0400)/",
                "FinancialStatementEndDte" : "/Date(1598587200000-0400)/",
                "type" : "Earnings",
                "sourcedate" : "Cash",
                "financialquality" : "Electronic Records - Other",
                "activetemplate" : "Dairy Livestock"
            },
            {
                "statementid" : "5",
                "earningstatementname" : "Testing statement Five",
                "FinancialStatementStartDte" : "/Date(1546318800000-0500)/",
                "FinancialStatementEndDte" : "/Date(1577768400000-0500)/",
                "type" : "Earnings",
                "sourcedate" : "Accrual",
                "financialquality" : "Complilation",
                "activetemplate" : "Aqatic"
            },
            {
                "statementid" : "6",
                "earningstatementname" : "Testing statement Six",
                "FinancialStatementStartDte" :"/Date(1609390800000-0500)/",
                "FinancialStatementEndDte" : "/Date(1609390800000-0500)/",
                "type" : "Earnings",
                "sourcedate" : "Cash",
                "financialquality" : "Audit",
                "activetemplate" : "Ag Retail"
            },
            {
                "statementid" : "7",
                "earningstatementname" : "Testing statement Seven",
                "FinancialStatementStartDte" : "/Date(1546318800000-0500)/",
                "FinancialStatementEndDte" : "/Date(1577768400000-0500)/",
                "type" : "Earnings",
                "sourcedate" : "Accrual",
                "financialquality" : "Audit",
                "activetemplate" : "Ag Retail"
            }
        
        ]
    }
    ]
}