{
    "CustomerTasks": [
        {
            "CustomerBID": 285578,
            "CustomerTaskBID": 6149669,
            "CustomerTaskCde": 1,
            "FinancialStatementBID": 6149669,
            "FinancialStatementDesc": "Proj Post Close",
            "FinancialStatementEndDte": "/Date(1609390800000-0500)/",
            "FinancialStatementStartDte": "/Date(1609390800000-0500)/",
            "FinancialStatementSubTypeCde": 1,
            "LastViewedDate": "/Date(1601411890727-0400)/",
            "OwnerUserID": 1432,
            "TaskDescription": "Balance Sheet"
        },
        {
            "CustomerBID": 285578,
            "CustomerTaskBID": 6236262,
            "CustomerTaskCde": 2,
            "FinancialStatementBID": 6236262,
            "FinancialStatementDesc": "Jun17809",
            "FinancialStatementEndDte": "/Date(1654920000000-0400)/",
            "FinancialStatementStartDte": "/Date(1623470400000-0400)/",
            "FinancialStatementSubTypeCde": 5,
            "LastViewedDate": "/Date(1623932158117-0400)/",
            "OwnerUserID": 1932,
            "TaskDescription": "Balance Sheet"
        },
        {
            "CustomerBID": 285578,
            "CustomerTaskBID": 6134968,
            "CustomerTaskCde": 4,
            "FinancialStatementBID": 6134968,
            "FinancialStatementDesc": "8/20 Cons BS",
            "FinancialStatementEndDte": "/Date(1598587200000-0400)/",
            "FinancialStatementStartDte": "/Date(1598587200000-0400)/",
            "FinancialStatementSubTypeCde": 12,
            "LastViewedDate": "/Date(1600713612857-0400)/",
            "OwnerUserID": 1432,
            "TaskDescription": "Balance Sheet"
        },
        {
            "CustomerBID": 285578,
            "CustomerTaskBID": 6134969,
            "CustomerTaskCde": 5,
            "FinancialStatementBID": 6134969,
            "FinancialStatementDesc": "2019 Cons ES w/ Kids",
            "FinancialStatementEndDte": "/Date(1577768400000-0500)/",
            "FinancialStatementStartDte": "/Date(1546318800000-0500)/",
            "FinancialStatementSubTypeCde": 13,
            "LastViewedDate": "/Date(1598651476477-0400)/",
            "OwnerUserID": 1432,
            "TaskDescription": "Balance Sheet"
        }
    ]

}