{
    "earningStatements": [
        {
            "statementid" : "1",
            "earningstatementname" : "Testing statement One",
            "FinancialStatementStartDte" :"/Date(1609390800000-0500)/",
            "FinancialStatementEndDte" : "/Date(1609390800000-0500)/",
            "type" : "Earnings",
            "sourcedate" : "Cash",
            "financialquality" : "Electronic Records - Other",
            "activetemplate" : "Dairy Livestock",
            "otherparameters":[
                "Item 1",
                "Item 2"
            ]
        },
        {
            "statementid" : "2",
            "earningstatementname" : "Testing statement Two",
            "FinancialStatementStartDte" : "/Date(1623470400000-0400)/",
            "FinancialStatementEndDte" : "/Date(1654920000000-0400)/",
            "type" : "Earnings",
            "sourcedate" : "Cash",
            "financialquality" : "Complilation",
            "activetemplate" : "Aqatic",
            "otherparameters":[
                "Item 1",
                "Item 2",
                "Item 3"
            ]
        },
        {
            "statementid" : "3",
            "earningstatementname" : "Testing statement Three",
            "FinancialStatementStartDte" : "/Date(1598587200000-0400)/",
            "FinancialStatementEndDte" : "/Date(1598587200000-0400)/",
            "type" : "Earnings",
            "sourcedate" : "Cash",
            "financialquality" : "Audit",
            "activetemplate" : "Ag Retail",
            "otherparameters":[
                "Item 1",
                "Item 2",
                "Item 3",
                "Item 4"
            ]
        }
    
    ]
}