{
  "coa": [
    {"name": "Special Schedules", "id": 1, "coaCde": 100, "lastEditedDate": "1-12-2021", "children": [
      {"name": "Investment Activity", "id": 10, "coaCde": 101, "lastEditedDate": "1-12-2021"},
      {"name": "Livestock Change Analysis", "id": 11, "coaCde": 102, "lastEditedDate": "1-12-2021"},
      {"name": "Loan Activity", "id": 12, "coaCde": 103, "lastEditedDate": "1-12-2021"}     
    ]},
     {"name": "Current Assets", "id": 21, "coaCde": 200, "lastEditedDate": "1-12-2021", "children": [
      {"name": "Investment Activity2", "id": 22, "coaCde": 201, "lastEditedDate": "1-12-2021"},
      {"name": "Livestock Change Analysis2", "id": 23, "coaCde": 202, "lastEditedDate": "1-12-2021"},
      {"name": "Loan Activity2", "id": 24, "coaCde": 203, "lastEditedDate": "1-12-2021"}     
    ]},
     {"name": "Intermediate Assets", "id": 31, "coaCde": 300, "lastEditedDate": "1-12-2021", "children": [
      {"name": "Investment Activity3", "id": 32, "coaCde": 301, "lastEditedDate": "1-12-2021"},
      {"name": "Livestock Change Analysis3", "id": 33, "coaCde": 302, "lastEditedDate": "1-12-2021"},
      {"name": "Loan Activity3", "id": 34, "coaCde": 303, "lastEditedDate": "1-12-2021"}     
    ]},
     {"name": "Long Term Assets", "id": 41, "coaCde": 400, "lastEditedDate": "1-12-2021", "children": [
      {"name": "Investment Activity4", "id": 42, "coaCde": 401, "lastEditedDate": "1-12-2021"},
      {"name": "Livestock Change Analysis4", "id": 43, "coaCde": 402, "lastEditedDate": "1-12-2021"},
      {"name": "Loan Activity4", "id": 44, "coaCde": 403, "lastEditedDate": "1-12-2021"}     
    ]},
     {"name": "Current Liability", "id": 51, "coaCde": 500, "lastEditedDate": "1-12-2021", "children": [
      {"name": "Investment Activity5", "id": 52, "coaCde": 501, "lastEditedDate": "1-12-2021"},
      {"name": "Livestock Change Analysis5", "id": 53, "coaCde": 502, "lastEditedDate": "1-12-2021"},
      {"name": "Loan Activity5", "id": 54, "coaCde": 503, "lastEditedDate": "1-12-2021"}     
    ]},
     {"name": "Intermediate Liability", "id": 61, "coaCde": 600, "lastEditedDate": "1-12-2021", "children": [
      {"name": "Investment Activity6", "id": 62, "coaCde": 601, "lastEditedDate": "1-12-2021"},
      {"name": "Livestock Change Analysis6", "id": 64, "coaCde": 602, "lastEditedDate": "1-12-2021"},
      {"name": "Loan Activity6", "id": 64, "coaCde": 603, "lastEditedDate": "1-12-2021"}     
    ]},
     {"name": "Net Worth", "id": 71, "coaCde": 700, "lastEditedDate": "1-12-2021", "children": [
      {"name": "Investment Activity7", "id": 72, "coaCde": 701, "lastEditedDate": "1-12-2021"},
      {"name": "Livestock Change Analysis7", "id": 73, "coaCde": 702, "lastEditedDate": "1-12-2021"},
      {"name": "Loan Activity7", "id": 74, "coaCde": 703, "lastEditedDate": "1-12-2021"}     
    ]},
     {"name": "Examples", "id": 81, "coaCde": 800, "lastEditedDate": "1-12-2021", "children": [
      {"name": "Investment Activity8", "id": 82, "coaCde": 801, "lastEditedDate": "1-12-2021"},
      {"name": "Livestock Change Analysis8", "id": 83, "coaCde": 802, "lastEditedDate": "1-12-2021"},
      {"name": "Loan Activity8", "id": 84, "coaCde": 803, "lastEditedDate": "1-12-2021"}     
    ]},
     {"name": "Special Schedules", "id": 91, "coaCde": 900, "lastEditedDate": "1-12-2021", "children": [
      {"name": "Investment Activity9", "id": 92, "coaCde": 901, "lastEditedDate": "1-12-2021"},
      {"name": "Livestock Change Analysis9", "id": 93, "coaCde": 902, "lastEditedDate": "1-12-2021"},
      {"name": "Loan Activity9", "id": 94, "coaCde": 903, "lastEditedDate": "1-12-2021"}     
    ]},
     {"name": "Special Schedules", "id": 101, "coaCde": 1000, "lastEditedDate": "1-12-2021", "children": [
      {"name": "Investment Activity10", "id": 102, "coaCde": 1001, "lastEditedDate": "1-12-2021"},
      {"name": "Livestock Change Analysis10", "id": 103, "coaCde": 1002, "lastEditedDate": "1-12-2021"},
      {"name": "Loan Activity10", "id": 104, "coaCde": 1003, "lastEditedDate": "1-12-2021"}     
    ]},
     {"name": "Special Schedules", "id": 111, "coaCde": 1100, "lastEditedDate": "1-12-2021", "children": [
      {"name": "Investment Activity11", "id": 121, "coaCde": 1101, "lastEditedDate": "1-12-2021"},
      {"name": "Livestock Change Analysis11", "id": 131, "coaCde": 1102, "lastEditedDate": "1-12-2021"},
      {"name": "Loan Activity11", "id": 141, "coaCde": 1103, "lastEditedDate": "1-12-2021"}     
    ]}
  ],

  "gridData": [
    {"name": "Test", "id": 9999, "startDate": "12-31-2021", "type": "Balance Sheet", "coas": [
      {"coaCde": 102, "value": 4500, "columnId": 20},
      {"coaCde": 202, "value": 2300, "columnId": 30},
      {"coaCde": 202, "value": 200, "columnId": 20},
      {"coaCde": 303, "value": 3000, "columnId": 20},
      {"coaCde": 302, "value": 10000, "columnId": 30},
      {"coaCde": 503, "value": 5, "columnId": 20},
      {"coaCde": 602, "value": 30, "columnId": 30},
      {"coaCde": 603, "value": 700, "columnId": 30},
      {"coaCde": 803, "value": 80200, "columnId": 20},
      {"coaCde": 702, "value": 600, "columnId": 30},
      {"coaCde": 902, "value": 1900, "columnId": 20,  "cellTemplateSelector": ""}
    ]},
    {"name": "BSTest", "id": 9998, "startDate": "08-31-2021", "type": "Balance Sheet", "coas": [
      {"coaCde": 102, "value": 2000, "columnId": 30},
      {"coaCde": 202, "value": 45000, "columnId": 20},
      {"coaCde": 303, "value": 56000, "columnId": 30},
      {"coaCde": 302, "value": 800, "columnId": 30},
      {"coaCde": 503, "value": 900, "columnId": 20},
      {"coaCde": 602, "value": 100, "columnId": 30},
      {"coaCde": 603, "value": 70, "columnId": 20},
      {"coaCde": 803, "value": 80, "columnId": 30},
      {"coaCde": 702, "value": 910, "columnId": 20},
      {"coaCde": 902, "value": 1040, "columnId": 20,  "cellTemplateSelector": ""}
    ]},
    {"name": "Balance Sheet Test", "id": 9997, "startDate": "09-31-2021", "type": "Balance Sheet", "coas": [
      {"coaCde": 102, "value": 160, "columnId": 30},
      {"coaCde": 202, "value": 270, "columnId": 20},
      {"coaCde": 303, "value": 560, "columnId": 30},
      {"coaCde": 302, "value": 4040, "columnId": 20},
      {"coaCde": 503, "value": 5670, "columnId": 20},
      {"coaCde": 602, "value": 680, "columnId": 30},
      {"coaCde": 603, "value": 340, "columnId": 20},
      {"coaCde": 803, "value": 7900, "columnId": 20},
      {"coaCde": 702, "value": 80, "columnId": 20},
      {"coaCde": 902, "value": 6570, "columnId": 30,  "cellTemplateSelector": ""}
    ]},
    {"name": "TET", "id": 9996, "startDate": "12-10-2021", "type": "Earning Sheet", "coas": [
      {"coaCde": 102, "value": 160, "columnId": 30},
      {"coaCde": 202, "value": 270, "columnId": 40},
      {"coaCde": 202, "value": 2300, "columnId": 30},
      {"coaCde": 303, "value": 560, "columnId": 30},
      {"coaCde": 302, "value": 4040, "columnId": 40},
      {"coaCde": 503, "value": 5670, "columnId": 50},
      {"coaCde": 602, "value": 680, "columnId": 60},
      {"coaCde": 603, "value": 340, "columnId": 50},
      {"coaCde": 803, "value": 7900, "columnId": 40},
      {"coaCde": 702, "value": 80, "columnId": 60},
      {"coaCde": 902, "value": 6570, "columnId": 60,  "cellTemplateSelector": ""}
    ]},
    {"name": "New Earning Test", "id": 9995, "startDate": "10-01-2021", "type": "Earning Sheet", "coas": [
      {"coaCde": 102, "value": 2000, "columnId": 50},
      {"coaCde": 202, "value": 45000, "columnId": 60},
      {"coaCde": 303, "value": 56000, "columnId": 40},
      {"coaCde": 302, "value": 800, "columnId": 40},
      {"coaCde": 503, "value": 900, "columnId": 30},
      {"coaCde": 602, "value": 100, "columnId": 50},
      {"coaCde": 603, "value": 70, "columnId": 50},
      {"coaCde": 803, "value": 80, "columnId": 60},
      {"coaCde": 702, "value": 910, "columnId": 60},
      {"coaCde": 902, "value": 1040, "columnId": 40,  "cellTemplateSelector": ""}
    ]},
    {"name": "New Consoldiation Test", "id": 9994, "startDate": "02-02-2021", "type": "Consoldiation Sheet", "coas": [
      {"coaCde": 102, "value": 2000, "columnId": 20},
      {"coaCde": 202, "value": 45000, "columnId": 20},
      {"coaCde": 303, "value": 56000, "columnId": 20},
      {"coaCde": 302, "value": 800, "columnId": 20},
      {"coaCde": 503, "value": 900, "columnId": 20},
      {"coaCde": 602, "value": 100, "columnId": 20},
      {"coaCde": 603, "value": 70, "columnId": 20},
      {"coaCde": 803, "value": 80, "columnId": 20},
      {"coaCde": 702, "value": 910, "columnId": 20},
      {"coaCde": 902, "value": 1040, "columnId": 20,  "cellTemplateSelector": ""}
    ]}
  ],

  "balanceSheetColumns": [
    {"tooltip": "Indicators", "columnName": "Indicators", "id": 10, "dataBindingName": "indicators", "cellTemplateSelector": "", "displayOrder": 0},
    {"tooltip": "Member Value Cash", "columnName": "Member Value", "id": 20, "dataBindingName": "memberValue", "cellTemplateSelector": "link", "displayOrder": 1},
    {"tooltip": "Farm Credit Services Cash", "columnName": "FCS Value", "id": 30, "dataBindingName": "fcsValue", "cellTemplateSelector": "input", "displayOrder": 2}
  ],
  "earningColumns": [
    {"tooltip": "Indicators", "columnName": "Indicators", "id": 10, "dataBindingName": "indicators", "cellTemplateSelector": "", "displayOrder": 0},
    {"tooltip": "Sources Cash", "columnName": "Source", "id": 40, "dataBindingName": "source", "cellTemplateSelector": "link", "displayOrder": 1},
    {"tooltip": "Farm Credit Services Cash", "columnName": "FCS Value", "id": 30, "dataBindingName": "fcsValue", "cellTemplateSelector": "input", "displayOrder": 2},
    {"tooltip": "Calculated cash", "columnName": "Calculated", "id": 50, "dataBindingName": "calculated", "cellTemplateSelector": "input", "displayOrder": 3},
    {"tooltip": "Adjusted Cash", "columnName": "Adjusted", "id": 60, "dataBindingName": "adjusted", "cellTemplateSelector": "input", "displayOrder": 4}
  ]
}
