{
    "RetrieveApplicationViewRequirementsResult": {
        "ApplicationCde": 1,
        "ApplicationViewCde": 5,
        "ApplicationViewCdes": [],
        "ApplicationViewDictionaryObjectRequirements": [
            {
                "ApplicationViewCde": 5,
                "DictionaryObjectCde": 1,
                "DictionaryObjectDesc": "Balance Sheet Description",
                "RequiredFieldTypeCde": 1,
                "RequiredFieldTypeDesc": "Save"
            },
            {
                "ApplicationViewCde": 5,
                "DictionaryObjectCde": 3,
                "DictionaryObjectDesc": "Balance Sheet Date",
                "RequiredFieldTypeCde": 1,
                "RequiredFieldTypeDesc": "Save"
            },
            {
                "ApplicationViewCde": 5,
                "DictionaryObjectCde": 5,
                "DictionaryObjectDesc": "Balance Sheet Type",
                "RequiredFieldTypeCde": 1,
                "RequiredFieldTypeDesc": "Save"
            },
            {
                "ApplicationViewCde": 5,
                "DictionaryObjectCde": 6,
                "DictionaryObjectDesc": "Balance Sheet Template",
                "RequiredFieldTypeCde": 1,
                "RequiredFieldTypeDesc": "Save"
            }
        ],
        "ApplicationViewDictionaryObjects": [
            {
                "ApplicationViewCde": 5,
                "ColumnCde": 111,
                "DictionaryObjectCde": 1,
                "DictionaryObjectDesc": "Balance Sheet Description",
                "DisplayFormatCde": 2,
                "MaxFieldLength": 100,
                "MinFieldLength": 1,
                "SequenceNum": 1,
                "ViewFieldName": "BalanceSheetDescription"
            },
            {
                "ApplicationViewCde": 5,
                "ColumnCde": 50,
                "DictionaryObjectCde": 2,
                "DictionaryObjectDesc": "Comments",
                "SequenceNum": 2,
                "ViewFieldName": "CommentBID"
            },
            {
                "ApplicationViewCde": 5,
                "ColumnCde": 115,
                "DictionaryObjectCde": 3,
                "DictionaryObjectDesc": "Balance Sheet Date",
                "DisplayFormatCde": 4,
                "MaxFieldLength": 2100,
                "MinFieldLength": 1900,
                "SequenceNum": 3,
                "ViewFieldName": "BalanceSheetDateString"
            },
            {
                "ApplicationViewCde": 5,
                "ColumnCde": 116,
                "DictionaryObjectCde": 5,
                "DictionaryObjectDesc": "Balance Sheet Type",
                "SequenceNum": 5,
                "ViewFieldName": "SelectedFinancialStatementSubTypeCde"
            },
            {
                "ApplicationViewCde": 5,
                "ColumnCde": 118,
                "DictionaryObjectCde": 6,
                "DictionaryObjectDesc": "Balance Sheet Template",
                "SequenceNum": 6,
                "ViewFieldName": "SelectedFinancialStatementTemplateCde"
            },
            {
                "ApplicationViewCde": 5,
                "ColumnCde": 72,
                "DictionaryObjectCde": 7,
                "DictionaryObjectDesc": "Associated Benchmark",
                "SequenceNum": 7,
                "ViewFieldName": "SelectedDefaultBenchmarkID"
            },
            {
                "ApplicationViewCde": 5,
                "ColumnCde": 279,
                "DictionaryObjectCde": 382,
                "DictionaryObjectDesc": "Cost/Market Source",
                "SequenceNum": 9,
                "ViewFieldName": "SelectedCostOrMarketTypeCde"
            },
            {
                "ApplicationViewCde": 5,
                "ColumnCde": 295,
                "DictionaryObjectCde": 383,
                "DictionaryObjectDesc": "Financial Data Source",
                "SequenceNum": 10,
                "ViewFieldName": "SelectedFinancialDataSourceTypeCde"
            },
            {
                "ApplicationViewCde": 5,
                "ColumnCde": 278,
                "DictionaryObjectCde": 384,
                "DictionaryObjectDesc": "Combined Statement with Spouse",
                "SequenceNum": 11,
                "ViewFieldName": "CombinedStatementWithSpouseInd"
            }
        ]
    },
    "Errors": null
}