{
    "GetLookupsResult": [
        {
            "LookupData": [
                {
                    "Cde": 1,
                    "Desc": "Has Access to Admin Menu",
                    "ExtendedValues": []
                },
                {
                    "Cde": 2,
                    "Desc": "User Can Delete Statements",
                    "ExtendedValues": []
                },
                {
                    "Cde": 3,
                    "Desc": "Has Read-Only Access",
                    "ExtendedValues": []
                },
                {
                    "Cde": 4,
                    "Desc": "DYK Admin Claim",
                    "ExtendedValues": []
                },
                {
                    "Cde": 5,
                    "Desc": "Can Maintain Users",
                    "ExtendedValues": []
                },
                {
                    "Cde": 6,
                    "Desc": "Detail Modal Column Widths",
                    "ExtendedValues": []
                },
                {
                    "Cde": 7,
                    "Desc": "Can Delete Benchmarks",
                    "ExtendedValues": []
                }
            ],
            "Table": {
                "TableCde": 110,
                "TableName": "tslkpClaim"
            }
        }
    ],
    "Errors": null
}