{
    "Data": [
        {
            "UserID": 1375,
            "IdentityClaims": [],
            "InactiveInd": true,
            "PrimaryEmailAddr": "",
            "UserFullName": "",
            "UserLoginEID": ""
        },
        {
            "UserID": 1152,
            "IdentityClaims": [
                {
                    "Issuer": "LOCAL AUTHORITY",
                    "OriginalIssuer": "LOCAL AUTHORITY",
                    "Type": "AdminClaimType",
                    "Value": "True",
                    "ValueType": "http://www.w3.org/2001/XMLSchema#string"
                },
                {
                    "Issuer": "LOCAL AUTHORITY",
                    "OriginalIssuer": "LOCAL AUTHORITY",
                    "Type": "UserCanDelete",
                    "Value": "True",
                    "ValueType": "http://www.w3.org/2001/XMLSchema#string"
                },
                {
                    "Issuer": "LOCAL AUTHORITY",
                    "OriginalIssuer": "LOCAL AUTHORITY",
                    "Type": "DYKAdminClaim",
                    "Value": "True",
                    "ValueType": "http://www.w3.org/2001/XMLSchema#string"
                },
                {
                    "Issuer": "LOCAL AUTHORITY",
                    "OriginalIssuer": "LOCAL AUTHORITY",
                    "Type": "MaintainUsers",
                    "Value": "True",
                    "ValueType": "http://www.w3.org/2001/XMLSchema#string"
                },
                {
                    "Issuer": "LOCAL AUTHORITY",
                    "OriginalIssuer": "LOCAL AUTHORITY",
                    "Type": "DetailModalColumnWidths",
                    "Value": "True",
                    "ValueType": "http://www.w3.org/2001/XMLSchema#string"
                },
                {
                    "Issuer": "LOCAL AUTHORITY",
                    "OriginalIssuer": "LOCAL AUTHORITY",
                    "Type": "CanDeleteBenchmarks",
                    "Value": "True",
                    "ValueType": "http://www.w3.org/2001/XMLSchema#string"
                }
            ],
            "PrimaryEmailAddr": "aaron.clayton@financialpartners.com",
            "UserFullName": "Aaron Clayton",
            "UserLoginEID": "FPI\\claytoa"
        },
        {
            "UserID": 1155,
            "IdentityClaims": [],
            "InactiveInd": true,
            "PrimaryEmailAddr": "Aaron.Clayton@financialpartners.com",
            "UserFullName": "Aaron Clayton",
            "UserLoginEID": "CLAYTOA"
        },
        {
            "UserID": 1220,
            "IdentityClaims": [],
            "InactiveInd": true,
            "PrimaryEmailAddr": "aaron.master@farmcrediteast.com",
            "UserFullName": "Aaron Masters",
            "UserLoginEID": "farmcrediteast\\mastera"
        },
        {
            "UserID": 1321,
            "IdentityClaims": [
                {
                    "Issuer": "LOCAL AUTHORITY",
                    "OriginalIssuer": "LOCAL AUTHORITY",
                    "Type": "AdminClaimType",
                    "Value": "True",
                    "ValueType": "http://www.w3.org/2001/XMLSchema#string"
                },
                {
                    "Issuer": "LOCAL AUTHORITY",
                    "OriginalIssuer": "LOCAL AUTHORITY",
                    "Type": "UserCanDelete",
                    "Value": "True",
                    "ValueType": "http://www.w3.org/2001/XMLSchema#string"
                }
            ],
            "PrimaryEmailAddr": "Aaron.Watson@financialpartners.com",
            "UserFullName": "Aaron Watson",
            "UserLoginEID": "FPI\\watsona"
        },
        {
            "UserID": 1945,
            "IdentityClaims": [
                {
                    "Issuer": "LOCAL AUTHORITY",
                    "OriginalIssuer": "LOCAL AUTHORITY",
                    "Type": "AdminClaimType",
                    "Value": "True",
                    "ValueType": "http://www.w3.org/2001/XMLSchema#string"
                },
                {
                    "Issuer": "LOCAL AUTHORITY",
                    "OriginalIssuer": "LOCAL AUTHORITY",
                    "Type": "UserCanDelete",
                    "Value": "True",
                    "ValueType": "http://www.w3.org/2001/XMLSchema#string"
                }
            ],
            "PrimaryEmailAddr": "Abhishek.Johri@financialpartners.com",
            "UserFullName": "Abhishek Johri",
            "UserLoginEID": "FPI\\JOHRIA"
        },
        {
            "UserID": 1317,
            "IdentityClaims": [],
            "PrimaryEmailAddr": "Abigail.Fenlason@farmcrediteast.com",
            "UserFullName": "Abigail Fenlason",
            "UserLoginEID": "farmcrediteast\\FENLAAB"
        },
        {
            "UserID": 1258,
            "IdentityClaims": [
                {
                    "Issuer": "LOCAL AUTHORITY",
                    "OriginalIssuer": "LOCAL AUTHORITY",
                    "Type": "AdminClaimType",
                    "Value": "True",
                    "ValueType": "http://www.w3.org/2001/XMLSchema#string"
                },
                {
                    "Issuer": "LOCAL AUTHORITY",
                    "OriginalIssuer": "LOCAL AUTHORITY",
                    "Type": "UserCanDelete",
                    "Value": "True",
                    "ValueType": "http://www.w3.org/2001/XMLSchema#string"
                }
            ],
            "PrimaryEmailAddr": "Abigail.Fenlason@financialpartners.com",
            "UserFullName": "Abigail Fenlason",
            "UserLoginEID": "FPI\\FENLASA"
        },
        {
            "UserID": 1617,
            "IdentityClaims": [
                {
                    "Issuer": "LOCAL AUTHORITY",
                    "OriginalIssuer": "LOCAL AUTHORITY",
                    "Type": "AdminClaimType",
                    "Value": "True",
                    "ValueType": "http://www.w3.org/2001/XMLSchema#string"
                },
                {
                    "Issuer": "LOCAL AUTHORITY",
                    "OriginalIssuer": "LOCAL AUTHORITY",
                    "Type": "UserCanDelete",
                    "Value": "True",
                    "ValueType": "http://www.w3.org/2001/XMLSchema#string"
                }
            ],
            "PrimaryEmailAddr": "ABraham.Barakhyahu@financialpartners.com",
            "UserFullName": "ABraham Barakhyahu",
            "UserLoginEID": "FPI\\BARAKHA"
        },
        {
            "UserID": 1688,
            "IdentityClaims": [
                {
                    "Issuer": "LOCAL AUTHORITY",
                    "OriginalIssuer": "LOCAL AUTHORITY",
                    "Type": "AdminClaimType",
                    "Value": "True",
                    "ValueType": "http://www.w3.org/2001/XMLSchema#string"
                },
                {
                    "Issuer": "LOCAL AUTHORITY",
                    "OriginalIssuer": "LOCAL AUTHORITY",
                    "Type": "UserCanDelete",
                    "Value": "True",
                    "ValueType": "http://www.w3.org/2001/XMLSchema#string"
                }
            ],
            "PrimaryEmailAddr": "Adam.Guerin@financialpartners.com",
            "UserFullName": "Adam Guerin",
            "UserLoginEID": "FPI\\GUERINA"
        },
        {
            "UserID": 1481,
            "IdentityClaims": [
                {
                    "Issuer": "LOCAL AUTHORITY",
                    "OriginalIssuer": "LOCAL AUTHORITY",
                    "Type": "UserCanDelete",
                    "Value": "True",
                    "ValueType": "http://www.w3.org/2001/XMLSchema#string"
                }
            ],
            "PrimaryEmailAddr": "Adriana.Snyder@farmcrediteast.com",
            "UserFullName": "Adriana Snyder",
            "UserLoginEID": "farmcrediteast\\SNYDERA"
        },
        {
            "UserID": 1613,
            "IdentityClaims": [
                {
                    "Issuer": "LOCAL AUTHORITY",
                    "OriginalIssuer": "LOCAL AUTHORITY",
                    "Type": "AdminClaimType",
                    "Value": "True",
                    "ValueType": "http://www.w3.org/2001/XMLSchema#string"
                },
                {
                    "Issuer": "LOCAL AUTHORITY",
                    "OriginalIssuer": "LOCAL AUTHORITY",
                    "Type": "UserCanDelete",
                    "Value": "True",
                    "ValueType": "http://www.w3.org/2001/XMLSchema#string"
                }
            ],
            "PrimaryEmailAddr": "Ahmad.Asgharian@financialpartners.com",
            "UserFullName": "Ahmad Asgharian",
            "UserLoginEID": "FPI\\ASGHARA"
        },
        {
            "UserID": 1277,
            "IdentityClaims": [],
            "InactiveInd": true,
            "PrimaryEmailAddr": "Aime.Thomas@farmcrediteast.com",
            "UserFullName": "Aime Thomas",
            "UserLoginEID": "farmcrediteast\\THOMASA"
        },
        {
            "UserID": 1777,
            "IdentityClaims": [
                {
                    "Issuer": "LOCAL AUTHORITY",
                    "OriginalIssuer": "LOCAL AUTHORITY",
                    "Type": "AdminClaimType",
                    "Value": "True",
                    "ValueType": "http://www.w3.org/2001/XMLSchema#string"
                },
                {
                    "Issuer": "LOCAL AUTHORITY",
                    "OriginalIssuer": "LOCAL AUTHORITY",
                    "Type": "UserCanDelete",
                    "Value": "True",
                    "ValueType": "http://www.w3.org/2001/XMLSchema#string"
                }
            ],
            "PrimaryEmailAddr": "Aimee.Mooneyham@financialpartners.com",
            "UserFullName": "Aimee Mooneyham",
            "UserLoginEID": "FPI\\mooneya"
        },
        {
            "UserID": 1941,
            "IdentityClaims": [
                {
                    "Issuer": "LOCAL AUTHORITY",
                    "OriginalIssuer": "LOCAL AUTHORITY",
                    "Type": "AdminClaimType",
                    "Value": "True",
                    "ValueType": "http://www.w3.org/2001/XMLSchema#string"
                },
                {
                    "Issuer": "LOCAL AUTHORITY",
                    "OriginalIssuer": "LOCAL AUTHORITY",
                    "Type": "UserCanDelete",
                    "Value": "True",
                    "ValueType": "http://www.w3.org/2001/XMLSchema#string"
                }
            ],
            "PrimaryEmailAddr": "Akansha.Gupta@financialpartners.com",
            "UserFullName": "Akansha Gupta",
            "UserLoginEID": "FPI\\GUPTAAK"
        },
        {
            "UserID": 1846,
            "IdentityClaims": [
                {
                    "Issuer": "LOCAL AUTHORITY",
                    "OriginalIssuer": "LOCAL AUTHORITY",
                    "Type": "AdminClaimType",
                    "Value": "True",
                    "ValueType": "http://www.w3.org/2001/XMLSchema#string"
                },
                {
                    "Issuer": "LOCAL AUTHORITY",
                    "OriginalIssuer": "LOCAL AUTHORITY",
                    "Type": "UserCanDelete",
                    "Value": "True",
                    "ValueType": "http://www.w3.org/2001/XMLSchema#string"
                }
            ],
            "PrimaryEmailAddr": "Alan.Salnikov@financialpartners.com",
            "UserFullName": "Alan Salnikov",
            "UserLoginEID": "FPI\\salnika"
        },
        {
            "UserID": 638,
            "IdentityClaims": [
                {
                    "Issuer": "LOCAL AUTHORITY",
                    "OriginalIssuer": "LOCAL AUTHORITY",
                    "Type": "UserCanDelete",
                    "Value": "True",
                    "ValueType": "http://www.w3.org/2001/XMLSchema#string"
                }
            ],
            "PrimaryEmailAddr": "bill.heisroth@farmcrediteast.com",
            "UserFullName": "William H Heisroth",
            "UserLoginEID": "farmcrediteast\\HEISROW"
        },
        {
            "UserID": 639,
            "IdentityClaims": [
                {
                    "Issuer": "LOCAL AUTHORITY",
                    "OriginalIssuer": "LOCAL AUTHORITY",
                    "Type": "UserCanDelete",
                    "Value": "True",
                    "ValueType": "http://www.w3.org/2001/XMLSchema#string"
                }
            ],
            "InactiveInd": true,
            "PrimaryEmailAddr": "william.martin@farmcrediteast.com",
            "UserFullName": "William J Martin",
            "UserLoginEID": "farmcrediteast\\MARTINW"
        },
        {
            "UserID": 1742,
            "IdentityClaims": [
                {
                    "Issuer": "LOCAL AUTHORITY",
                    "OriginalIssuer": "LOCAL AUTHORITY",
                    "Type": "AdminClaimType",
                    "Value": "True",
                    "ValueType": "http://www.w3.org/2001/XMLSchema#string"
                },
                {
                    "Issuer": "LOCAL AUTHORITY",
                    "OriginalIssuer": "LOCAL AUTHORITY",
                    "Type": "UserCanDelete",
                    "Value": "True",
                    "ValueType": "http://www.w3.org/2001/XMLSchema#string"
                }
            ],
            "PrimaryEmailAddr": "William.Lancto@financialpartners.com",
            "UserFullName": "William Lancto",
            "UserLoginEID": "FPI\\LANCTOW"
        },
        {
            "UserID": 1320,
            "IdentityClaims": [
                {
                    "Issuer": "LOCAL AUTHORITY",
                    "OriginalIssuer": "LOCAL AUTHORITY",
                    "Type": "UserIsReadOnly",
                    "Value": "True",
                    "ValueType": "http://www.w3.org/2001/XMLSchema#string"
                }
            ],
            "PrimaryEmailAddr": "William.Lancto@financialpartners.com",
            "UserFullName": "William Lancto",
            "UserLoginEID": "FPILANCTW"
        },
        {
            "UserID": 640,
            "IdentityClaims": [
                {
                    "Issuer": "LOCAL AUTHORITY",
                    "OriginalIssuer": "LOCAL AUTHORITY",
                    "Type": "UserCanDelete",
                    "Value": "True",
                    "ValueType": "http://www.w3.org/2001/XMLSchema#string"
                }
            ],
            "InactiveInd": true,
            "PrimaryEmailAddr": "bill.lipinski@farmcrediteast.com",
            "UserFullName": "William Lipinski",
            "UserLoginEID": "farmcrediteast\\LIPINSW"
        },
        {
            "UserID": 1760,
            "IdentityClaims": [
                {
                    "Issuer": "LOCAL AUTHORITY",
                    "OriginalIssuer": "LOCAL AUTHORITY",
                    "Type": "AdminClaimType",
                    "Value": "True",
                    "ValueType": "http://www.w3.org/2001/XMLSchema#string"
                },
                {
                    "Issuer": "LOCAL AUTHORITY",
                    "OriginalIssuer": "LOCAL AUTHORITY",
                    "Type": "UserCanDelete",
                    "Value": "True",
                    "ValueType": "http://www.w3.org/2001/XMLSchema#string"
                }
            ],
            "PrimaryEmailAddr": "William.Mantzios@financialpartners.com",
            "UserFullName": "William Mantzios",
            "UserLoginEID": "FPI\\MANTZIW"
        },
        {
            "UserID": 1775,
            "IdentityClaims": [
                {
                    "Issuer": "LOCAL AUTHORITY",
                    "OriginalIssuer": "LOCAL AUTHORITY",
                    "Type": "AdminClaimType",
                    "Value": "True",
                    "ValueType": "http://www.w3.org/2001/XMLSchema#string"
                },
                {
                    "Issuer": "LOCAL AUTHORITY",
                    "OriginalIssuer": "LOCAL AUTHORITY",
                    "Type": "UserCanDelete",
                    "Value": "True",
                    "ValueType": "http://www.w3.org/2001/XMLSchema#string"
                }
            ],
            "PrimaryEmailAddr": "William.Milkiewicz@financialpartners.com",
            "UserFullName": "William Milkiewicz",
            "UserLoginEID": "FPI\\MILKIWI"
        },
        {
            "UserID": 1557,
            "IdentityClaims": [],
            "InactiveInd": true,
            "PrimaryEmailAddr": "William.Ryan@farmcrediteast.com",
            "UserFullName": "William Ryan",
            "UserLoginEID": "Farmcrediteast\\RYANW"
        },
        {
            "UserID": 641,
            "IdentityClaims": [
                {
                    "Issuer": "LOCAL AUTHORITY",
                    "OriginalIssuer": "LOCAL AUTHORITY",
                    "Type": "UserCanDelete",
                    "Value": "True",
                    "ValueType": "http://www.w3.org/2001/XMLSchema#string"
                }
            ],
            "PrimaryEmailAddr": "bill.bathel@farmcrediteast.com",
            "UserFullName": "William S Bathel",
            "UserLoginEID": "farmcrediteast\\BATHELW"
        },
        {
            "UserID": 1289,
            "IdentityClaims": [
                {
                    "Issuer": "LOCAL AUTHORITY",
                    "OriginalIssuer": "LOCAL AUTHORITY",
                    "Type": "UserIsReadOnly",
                    "Value": "True",
                    "ValueType": "http://www.w3.org/2001/XMLSchema#string"
                }
            ],
            "InactiveInd": true,
            "PrimaryEmailAddr": "Kelly.Jiang@farmcrediteast.com",
            "UserFullName": "Yiting Jiang",
            "UserLoginEID": "FARMCREDITEAST\\JIANGY"
        },
        {
            "UserID": 1469,
            "IdentityClaims": [
                {
                    "Issuer": "LOCAL AUTHORITY",
                    "OriginalIssuer": "LOCAL AUTHORITY",
                    "Type": "UserIsReadOnly",
                    "Value": "True",
                    "ValueType": "http://www.w3.org/2001/XMLSchema#string"
                }
            ],
            "InactiveInd": true,
            "PrimaryEmailAddr": "Yogita.Patel@financialpartners.com",
            "UserFullName": "Yogita Patel",
            "UserLoginEID": "FPI\\PATELY"
        },
        {
            "UserID": 67,
            "IdentityClaims": [
                {
                    "Issuer": "LOCAL AUTHORITY",
                    "OriginalIssuer": "LOCAL AUTHORITY",
                    "Type": "UserIsReadOnly",
                    "Value": "True",
                    "ValueType": "http://www.w3.org/2001/XMLSchema#string"
                }
            ],
            "UserFullName": "yySCOMMonitorSVC",
            "UserLoginEID": "FPICORE\\yySCOMMonitorSVC"
        },
        {
            "UserID": 1401,
            "IdentityClaims": [
                {
                    "Issuer": "LOCAL AUTHORITY",
                    "OriginalIssuer": "LOCAL AUTHORITY",
                    "Type": "UserIsReadOnly",
                    "Value": "True",
                    "ValueType": "http://www.w3.org/2001/XMLSchema#string"
                }
            ],
            "PrimaryEmailAddr": "none",
            "UserFullName": "yySF_AuditUsr",
            "UserLoginEID": "FPI\\yySF_AuditUsr"
        },
        {
            "UserID": 1400,
            "IdentityClaims": [
                {
                    "Issuer": "LOCAL AUTHORITY",
                    "OriginalIssuer": "LOCAL AUTHORITY",
                    "Type": "UserIsReadOnly",
                    "Value": "True",
                    "ValueType": "http://www.w3.org/2001/XMLSchema#string"
                }
            ],
            "PrimaryEmailAddr": "none",
            "UserFullName": "yySF_ExecutiveUsr",
            "UserLoginEID": "FPI\\yySF_ExecutiveUsr"
        },
        {
            "UserID": 1916,
            "IdentityClaims": [
                {
                    "Issuer": "LOCAL AUTHORITY",
                    "OriginalIssuer": "LOCAL AUTHORITY",
                    "Type": "AdminClaimType",
                    "Value": "True",
                    "ValueType": "http://www.w3.org/2001/XMLSchema#string"
                },
                {
                    "Issuer": "LOCAL AUTHORITY",
                    "OriginalIssuer": "LOCAL AUTHORITY",
                    "Type": "UserCanDelete",
                    "Value": "True",
                    "ValueType": "http://www.w3.org/2001/XMLSchema#string"
                }
            ],
            "PrimaryEmailAddr": "yySF_FCEQA.StdCreditUsr1@farmcrediteast.com",
            "UserFullName": "yySF_FCEQA_StdCreditUsr1",
            "UserLoginEID": "FARMCREDITEAST\\yySF_FCEQA_StdCred1"
        },
        {
            "UserID": 1917,
            "IdentityClaims": [
                {
                    "Issuer": "LOCAL AUTHORITY",
                    "OriginalIssuer": "LOCAL AUTHORITY",
                    "Type": "AdminClaimType",
                    "Value": "True",
                    "ValueType": "http://www.w3.org/2001/XMLSchema#string"
                },
                {
                    "Issuer": "LOCAL AUTHORITY",
                    "OriginalIssuer": "LOCAL AUTHORITY",
                    "Type": "UserCanDelete",
                    "Value": "True",
                    "ValueType": "http://www.w3.org/2001/XMLSchema#string"
                }
            ],
            "PrimaryEmailAddr": "yySF_FCEQA.StdCreditUsr2@farmcrediteast.com",
            "UserFullName": "yySF_FCEQA_StdCreditUsr2",
            "UserLoginEID": "FARMCREDITEAST\\yySF_FCEQA_StdCred2"
        },
        {
            "UserID": 1918,
            "IdentityClaims": [
                {
                    "Issuer": "LOCAL AUTHORITY",
                    "OriginalIssuer": "LOCAL AUTHORITY",
                    "Type": "AdminClaimType",
                    "Value": "True",
                    "ValueType": "http://www.w3.org/2001/XMLSchema#string"
                },
                {
                    "Issuer": "LOCAL AUTHORITY",
                    "OriginalIssuer": "LOCAL AUTHORITY",
                    "Type": "UserCanDelete",
                    "Value": "True",
                    "ValueType": "http://www.w3.org/2001/XMLSchema#string"
                }
            ],
            "PrimaryEmailAddr": "yySF_FCEQA.StdCreditUsr3@farmcrediteast.com",
            "UserFullName": "yySF_FCEQA_StdCreditUsr3",
            "UserLoginEID": "FARMCREDITEAST\\yySF_FCEQA_StdCred3"
        },
        {
            "UserID": 1919,
            "IdentityClaims": [
                {
                    "Issuer": "LOCAL AUTHORITY",
                    "OriginalIssuer": "LOCAL AUTHORITY",
                    "Type": "AdminClaimType",
                    "Value": "True",
                    "ValueType": "http://www.w3.org/2001/XMLSchema#string"
                },
                {
                    "Issuer": "LOCAL AUTHORITY",
                    "OriginalIssuer": "LOCAL AUTHORITY",
                    "Type": "UserCanDelete",
                    "Value": "True",
                    "ValueType": "http://www.w3.org/2001/XMLSchema#string"
                }
            ],
            "PrimaryEmailAddr": "yySF_FCEQA.StdCreditUsr4@farmcrediteast.com",
            "UserFullName": "yySF_FCEQA_StdCreditUsr4",
            "UserLoginEID": "FARMCREDITEAST\\yySF_FCEQA_StdCred4"
        },
        {
            "UserID": 1920,
            "IdentityClaims": [
                {
                    "Issuer": "LOCAL AUTHORITY",
                    "OriginalIssuer": "LOCAL AUTHORITY",
                    "Type": "AdminClaimType",
                    "Value": "True",
                    "ValueType": "http://www.w3.org/2001/XMLSchema#string"
                },
                {
                    "Issuer": "LOCAL AUTHORITY",
                    "OriginalIssuer": "LOCAL AUTHORITY",
                    "Type": "UserCanDelete",
                    "Value": "True",
                    "ValueType": "http://www.w3.org/2001/XMLSchema#string"
                }
            ],
            "PrimaryEmailAddr": "yySF_FCEQA.StdCreditUsr5@farmcrediteast.com",
            "UserFullName": "yySF_FCEQA_StdCreditUsr5",
            "UserLoginEID": "FARMCREDITEAST\\yySF_FCEQA_StdCred5"
        },
        {
            "UserID": 1921,
            "IdentityClaims": [
                {
                    "Issuer": "LOCAL AUTHORITY",
                    "OriginalIssuer": "LOCAL AUTHORITY",
                    "Type": "AdminClaimType",
                    "Value": "True",
                    "ValueType": "http://www.w3.org/2001/XMLSchema#string"
                },
                {
                    "Issuer": "LOCAL AUTHORITY",
                    "OriginalIssuer": "LOCAL AUTHORITY",
                    "Type": "UserCanDelete",
                    "Value": "True",
                    "ValueType": "http://www.w3.org/2001/XMLSchema#string"
                }
            ],
            "PrimaryEmailAddr": "yySF_FCEQA_StdFinInsUsr@farmcrediteast.com",
            "UserFullName": "yySF_FCEQA_StdFinInsUsr",
            "UserLoginEID": "FARMCREDITEAST\\yySF_FCEQA_StdFinIns"
        },
        {
            "UserID": 1402,
            "IdentityClaims": [
                {
                    "Issuer": "LOCAL AUTHORITY",
                    "OriginalIssuer": "LOCAL AUTHORITY",
                    "Type": "UserIsReadOnly",
                    "Value": "True",
                    "ValueType": "http://www.w3.org/2001/XMLSchema#string"
                }
            ],
            "PrimaryEmailAddr": "none",
            "UserFullName": "yySF_MgmtUser",
            "UserLoginEID": "FPI\\yySF_MgmtUser"
        },
        {
            "UserID": 1403,
            "IdentityClaims": [
                {
                    "Issuer": "LOCAL AUTHORITY",
                    "OriginalIssuer": "LOCAL AUTHORITY",
                    "Type": "UserIsReadOnly",
                    "Value": "True",
                    "ValueType": "http://www.w3.org/2001/XMLSchema#string"
                }
            ],
            "PrimaryEmailAddr": "none",
            "UserFullName": "yySF_StdCreditUsr",
            "UserLoginEID": "FPI\\yySF_StdCreditUsr"
        },
        {
            "UserID": 1404,
            "IdentityClaims": [
                {
                    "Issuer": "LOCAL AUTHORITY",
                    "OriginalIssuer": "LOCAL AUTHORITY",
                    "Type": "UserIsReadOnly",
                    "Value": "True",
                    "ValueType": "http://www.w3.org/2001/XMLSchema#string"
                }
            ],
            "PrimaryEmailAddr": "none",
            "UserFullName": "yySF_StdFinInsSvcUsr",
            "UserLoginEID": "FPI\\yySF_StdFinInsSvcUsr"
        },
        {
            "UserID": 1405,
            "IdentityClaims": [
                {
                    "Issuer": "LOCAL AUTHORITY",
                    "OriginalIssuer": "LOCAL AUTHORITY",
                    "Type": "UserIsReadOnly",
                    "Value": "True",
                    "ValueType": "http://www.w3.org/2001/XMLSchema#string"
                }
            ],
            "PrimaryEmailAddr": "none",
            "UserFullName": "yySF_SupportUsr",
            "UserLoginEID": "FPI\\yySF_SupportUsr"
        },
        {
            "UserID": 1406,
            "IdentityClaims": [
                {
                    "Issuer": "LOCAL AUTHORITY",
                    "OriginalIssuer": "LOCAL AUTHORITY",
                    "Type": "UserIsReadOnly",
                    "Value": "True",
                    "ValueType": "http://www.w3.org/2001/XMLSchema#string"
                }
            ],
            "PrimaryEmailAddr": "none",
            "UserFullName": "yySF_SysAdminUsr",
            "UserLoginEID": "FPI\\yySF_SysAdminUsr"
        },
        {
            "UserID": 1877,
            "IdentityClaims": [
                {
                    "Issuer": "LOCAL AUTHORITY",
                    "OriginalIssuer": "LOCAL AUTHORITY",
                    "Type": "AdminClaimType",
                    "Value": "True",
                    "ValueType": "http://www.w3.org/2001/XMLSchema#string"
                },
                {
                    "Issuer": "LOCAL AUTHORITY",
                    "OriginalIssuer": "LOCAL AUTHORITY",
                    "Type": "UserCanDelete",
                    "Value": "True",
                    "ValueType": "http://www.w3.org/2001/XMLSchema#string"
                }
            ],
            "PrimaryEmailAddr": "Zach.Tassinari@financialpartners.com",
            "UserFullName": "Zach Tassinari",
            "UserLoginEID": "FPI\\TASSINZ"
        },
        {
            "UserID": 1256,
            "IdentityClaims": [],
            "InactiveInd": true,
            "PrimaryEmailAddr": "Zachary.Benjamin@farmcrediteast.com",
            "UserFullName": "Zachary Benjamin",
            "UserLoginEID": "Farmcrediteast\\BENJAMZ"
        },
        {
            "UserID": 642,
            "IdentityClaims": [
                {
                    "Issuer": "LOCAL AUTHORITY",
                    "OriginalIssuer": "LOCAL AUTHORITY",
                    "Type": "UserCanDelete",
                    "Value": "True",
                    "ValueType": "http://www.w3.org/2001/XMLSchema#string"
                }
            ],
            "InactiveInd": true,
            "PrimaryEmailAddr": "Zackary.Kibler@farmcrediteast.com",
            "UserFullName": "Zackary Kibler",
            "UserLoginEID": "farmcrediteast\\KIBLERZ"
        }
    ],
    "Errors": null
}