{
  "closingBalanceSheet": [
    {
      "dairycows": 95,
      "dairybreadheife": 30,
      "dairyyearling": 30,
      "dairycalf": 40,
      "type": "NU"
    },
    {
      "dairycows": 1900.00,
      "dairybreadheife": 1900.00,
      "dairyyearling": 1000.00,
      "dairycalf": 700.00,
      "type": "FCU"
    },
    {
      "dairycows": 180500,
      "dairybreadheife": 57000,
      "dairyyearling": 30000,
      "dairycalf": 28000,
      "type": "FCV"
    }
  ],
  "openingBalanceSheet": [
    {
      "dairycows": 85,
      "dairybreadheife": 25,
      "dairyyearling": 20,
      "dairycalf": 40,
      "type": "NU"
    },
    {
      "dairycows": 1500.00,
      "dairybreadheife": 1900.00,
      "dairyyearling": 1000.00,
      "dairycalf": 500.00,
      "livestock": 0.00,
      "type": "FCU"
    },
    {
      "dairycows": 127500,
      "dairybreadheife": 47500,
      "dairyyearling": 20000,
      "dairycalf": 20000,
      "livestock": 0,
      "type": "FCV"
    }
  ],
  "purchases": [
    {
      "dairycows": 24000,
      "type": "PC"
    },
    {
      "dairycows": 12,
      "type": "UP"
    },
    {
      "dairycows": 2000.00,
      "type": "PCU"
    },
    {
       "type": "MKC"
    }
  ]
}
