{
  
  "openingBalanceSheet": [
    {
      "dairycows": 85,
      "dairybreadheife": 25,
      "dairyyearling": 20,
      "dairycalf": 40,
      "type": "NU"
    },
    {
      "dairycows": 1500.00,
      "dairybreadheife": 1900.00,
      "dairyyearling": 1000.00,
      "dairycalf": 500.00,
      "livestock": 0.00,
      "type": "FCU"
    },
    {
      "dairycows": 127500,
      "dairybreadheife": 47500,
      "dairyyearling": 20000,
      "dairycalf": 20000,
      "livestock": 0,
      "type": "FCV"
    }
  ]
}
